student_id,age,gender,primary_platform,daily_social_media_hours,screen_time_before_sleep_min,sleep_hours,physical_activity_hrs_week,social_interaction_level,stress_level,academic_performance
S1000,13,Female,Snapchat,4.58,126.0,7.7,3.9,3.9,5.47,2.8
S1001,17,Male,Snapchat,2.36,81.0,6.9,1.9,8.5,6.46,2.29
S1002,16,Male,TikTok,0.2,0.0,10.0,3.4,5.2,3.59,4.0
S1003,15,Male,Snapchat,0.79,51.0,8.0,8.3,8.3,0.83,4.0
S1004,15,Male,Snapchat,5.25,,6.0,4.5,4.5,8.37,2.39
S1005,18,Male,Snapchat,2.94,69.0,7.6,1.9,5.9,6.52,3.04
S1006,13,Male,TikTok,2.55,84.0,7.6,5.3,6.9,2.97,3.88
S1007,17,Female,Instagram,5.82,106.0,5.7,3.5,4.1,4.75,3.27
S1008,14,Male,Instagram,5.05,96.0,7.6,12.6,,4.57,3.96
S1009,13,Female,TikTok,3.63,74.0,8.0,5.0,2.4,6.61,3.2
S1010,16,Male,TikTok,3.43,18.0,8.8,3.4,6.5,6.07,3.14
S1011,18,Male,Instagram,3.42,66.0,7.6,7.9,1.8,4.33,3.64
S1012,17,Male,Snapchat,3.74,56.0,7.6,0.0,5.3,7.67,2.46
S1013,17,Non-binary,TikTok,6.16,77.0,6.8,4.0,6.3,4.14,3.16
S1014,17,Female,YouTube,3.91,111.0,8.3,9.2,6.6,3.68,4.0
S1015,17,Male,Instagram,4.54,96.0,5.4,3.8,3.4,6.74,2.68
S1016,16,Male,YouTube,4.88,88.0,6.4,0.0,3.5,8.51,2.44
S1017,13,Female,Instagram,1.56,28.0,8.6,3.7,5.2,5.2,3.28
S1018,18,Female,Instagram,4.66,93.0,6.5,7.7,5.7,6.77,3.3
S1019,15,Female,Snapchat,2.85,85.0,7.6,5.4,2.7,3.69,3.91
S1020,16,Male,Other,0.2,2.0,9.1,2.9,6.7,3.64,4.0
S1021,15,Female,Instagram,0.38,25.0,8.5,3.2,7.2,3.53,3.93
S1022,14,Non-binary,Instagram,1.85,68.0,8.1,3.2,5.8,2.27,4.0
S1023,18,Female,Snapchat,4.24,31.0,8.2,5.1,6.4,2.54,4.0
S1024,17,Male,Snapchat,3.58,69.0,7.6,7.6,6.1,5.74,3.43
S1025,16,Female,TikTok,4.1,67.0,7.3,6.8,4.7,5.14,3.3
S1026,15,Male,Instagram,6.09,102.0,6.5,4.9,1.9,5.99,3.21
S1027,17,Female,Instagram,1.74,32.0,8.4,1.3,6.5,3.77,3.33
S1028,16,Male,Other,3.0,65.0,6.7,1.1,4.4,6.33,2.61
S1029,15,Male,Instagram,3.79,121.0,7.4,5.6,4.7,5.22,3.28
S1030,15,Male,Instagram,2.33,45.0,7.9,1.2,6.9,2.82,3.09
S1031,14,Male,Other,2.92,68.0,8.6,3.9,8.2,5.92,3.62
S1032,13,Female,Instagram,0.96,83.0,8.6,5.6,6.5,4.15,3.48
S1033,16,Female,TikTok,5.81,88.0,7.4,1.0,5.9,6.15,2.69
S1034,18,Female,TikTok,3.05,108.0,6.7,1.8,3.6,5.67,2.93
S1035,13,Female,TikTok,6.44,110.0,6.2,3.5,,7.72,2.47
S1036,18,Male,TikTok,3.95,120.0,6.3,5.5,5.5,4.6,3.12
S1037,17,Male,Instagram,4.96,108.0,6.5,6.7,7.3,6.08,2.98
S1038,14,Male,YouTube,3.01,70.0,8.6,5.9,5.0,2.73,3.96
S1039,16,Male,Snapchat,3.3,65.0,8.7,4.5,5.4,4.3,3.48
S1040,13,Male,TikTok,2.78,43.0,7.4,2.6,7.7,3.4,3.29
S1041,17,Male,Instagram,3.69,74.0,7.2,1.6,5.5,4.46,3.64
S1042,17,Female,TikTok,4.37,104.0,7.0,2.8,3.7,8.1,1.85
S1043,15,Female,Other,1.86,46.0,8.7,5.7,10.0,2.8,3.97
S1044,13,Male,TikTok,3.42,60.0,6.7,5.2,4.0,5.9,2.92
S1045,18,Male,Snapchat,2.65,51.0,7.0,0.0,5.9,3.25,3.58
S1046,15,Female,Instagram,6.58,137.0,6.3,1.7,5.4,6.83,2.05
S1047,18,Male,Snapchat,3.37,98.0,6.3,7.3,6.2,5.73,2.97
S1048,17,Male,Instagram,5.68,83.0,6.6,4.1,4.8,6.95,2.69
S1049,17,Female,Snapchat,3.15,47.0,8.0,0.8,5.6,2.74,4.0
S1050,17,Female,TikTok,4.28,89.0,7.7,10.0,5.1,5.0,3.65
S1051,14,Male,YouTube,1.23,75.0,8.2,,4.6,4.25,3.27
S1052,15,Male,Instagram,2.73,87.0,7.5,5.4,9.4,5.35,3.17
S1053,15,Female,Snapchat,3.55,38.0,8.5,5.3,5.4,3.79,4.0
S1054,15,Male,YouTube,5.38,89.0,7.1,3.0,6.1,3.78,2.91
S1055,13,Female,Other,3.11,40.0,7.6,2.6,,4.03,3.44
S1056,16,Male,TikTok,5.78,94.0,6.9,9.1,4.5,4.85,3.34
S1057,13,Female,TikTok,4.5,123.0,7.1,6.6,,6.44,2.92
S1058,17,Male,TikTok,6.2,71.0,8.0,5.8,2.5,3.46,4.0
S1059,17,Female,TikTok,3.84,33.0,8.4,5.7,5.4,4.12,3.51
S1060,18,Female,Snapchat,6.85,95.0,7.1,1.1,4.1,9.06,2.39
S1061,17,Male,Other,2.44,61.0,7.8,7.7,,3.66,3.52
S1062,15,Female,Other,1.89,62.0,7.8,2.5,4.3,5.64,3.45
S1063,18,Female,Instagram,1.91,58.0,8.1,5.3,5.3,2.18,4.0
S1064,15,Female,Snapchat,6.52,141.0,5.9,0.0,3.4,6.51,2.28
S1065,14,Male,YouTube,4.23,35.0,7.1,0.0,7.8,7.37,2.6
S1066,18,Male,Other,2.73,88.0,8.5,5.2,4.6,4.41,3.34
S1067,15,Non-binary,TikTok,5.51,89.0,7.4,1.9,6.0,6.42,2.45
S1068,13,Female,Instagram,4.16,97.0,6.9,0.0,7.1,4.76,3.43
S1069,15,Female,YouTube,5.91,70.0,7.4,5.2,4.8,6.41,2.77
S1070,17,Female,Instagram,1.35,39.0,8.9,10.0,4.2,1.69,3.61
S1071,14,Male,Instagram,2.91,67.0,8.4,7.9,3.7,5.56,4.0
S1072,15,Non-binary,Other,2.31,81.0,7.1,3.9,7.5,7.53,2.56
S1073,13,Male,Other,0.2,0.0,9.2,5.0,4.7,3.29,3.99
S1074,17,Male,YouTube,4.8,88.0,7.1,6.3,6.0,4.9,3.87
S1075,15,Female,YouTube,2.78,32.0,8.7,7.2,6.1,0.89,4.0
S1076,14,Male,TikTok,4.72,99.0,6.6,3.2,6.0,4.35,3.14
S1077,14,Male,Instagram,6.58,132.0,4.7,3.8,5.6,9.84,1.42
S1078,16,Female,Instagram,2.95,93.0,6.9,5.2,4.4,4.14,2.88
S1079,17,Female,Instagram,2.93,,8.0,5.8,4.4,4.19,3.58
S1080,18,Female,Instagram,3.77,96.0,7.3,3.9,6.8,5.86,3.24
S1081,15,Female,Snapchat,4.64,119.0,7.8,3.8,4.4,7.35,2.98
S1082,13,Female,Instagram,2.41,13.0,9.0,8.0,1.7,3.84,3.79
S1083,17,Female,Snapchat,2.54,71.0,8.1,7.5,7.1,3.27,3.9
S1084,16,Male,Instagram,4.92,113.0,6.8,5.2,3.7,6.43,2.29
S1085,17,Female,Instagram,4.05,70.0,8.3,8.5,6.3,3.6,3.99
S1086,13,Female,TikTok,0.74,0.0,8.8,3.9,8.8,2.01,4.0
S1087,14,Male,TikTok,1.96,71.0,8.1,8.7,6.2,3.89,4.0
S1088,17,Male,YouTube,5.42,66.0,,5.3,6.8,6.38,2.87
S1089,17,Male,Instagram,4.08,73.0,8.6,12.4,5.8,6.13,3.24
S1090,15,Female,TikTok,2.69,57.0,8.2,1.5,8.5,4.67,3.39
S1091,17,Male,Snapchat,3.18,82.0,7.1,2.6,4.1,6.89,2.76
S1092,18,Female,Instagram,3.62,55.0,7.7,5.3,5.7,3.71,3.77
S1093,15,Female,TikTok,4.79,,7.6,5.0,6.4,5.96,3.14
S1094,18,Male,Instagram,1.7,46.0,8.4,9.5,6.0,2.31,3.8
S1095,14,Male,TikTok,2.5,80.0,7.5,2.8,7.9,4.88,2.76
S1096,14,Male,Snapchat,3.56,,6.7,6.5,5.0,6.14,3.18
S1097,17,Male,TikTok,3.78,35.0,8.2,7.2,9.0,3.95,4.0
S1098,16,Male,TikTok,4.64,93.0,6.9,5.8,8.8,7.82,2.76
S1099,13,Female,TikTok,1.88,19.0,8.3,2.2,6.7,5.57,3.62
S1100,17,Female,Snapchat,3.92,100.0,6.5,7.7,6.5,6.55,3.37
S1101,14,Female,TikTok,5.21,69.0,7.3,7.0,7.1,6.22,3.19
S1102,17,Female,YouTube,4.0,59.0,7.6,5.7,3.7,7.42,2.64
S1103,13,Male,TikTok,3.79,58.0,7.5,4.8,3.6,3.97,3.58
S1104,17,Female,Snapchat,3.29,64.0,7.9,4.9,7.8,5.82,3.69
S1105,17,Male,Instagram,2.35,61.0,8.5,4.3,6.5,2.77,4.0
S1106,17,Male,Instagram,3.42,80.0,8.0,5.9,5.4,3.99,3.92
S1107,16,Male,TikTok,5.6,98.0,7.1,4.0,5.1,7.02,2.62
S1108,15,Female,YouTube,2.99,,8.0,2.3,2.1,6.84,2.94
S1109,17,Female,YouTube,2.07,67.0,7.7,2.0,5.9,3.34,3.58
S1110,14,Non-binary,TikTok,2.99,61.0,7.2,2.5,,4.85,3.24
S1111,17,Male,TikTok,4.2,108.0,6.7,4.7,7.0,5.65,3.48
S1112,16,Male,YouTube,2.72,40.0,8.2,4.4,7.6,3.81,2.86
S1113,15,Male,Instagram,4.04,36.0,7.4,4.7,6.5,6.14,3.1
S1114,16,Male,TikTok,4.57,83.0,,5.3,6.1,9.27,2.48
S1115,16,Female,TikTok,5.08,124.0,6.0,2.4,2.9,7.8,1.96
S1116,13,Male,Snapchat,5.09,95.0,6.1,7.6,6.2,5.3,3.34
S1117,13,Female,Snapchat,4.49,78.0,7.8,3.4,6.5,3.94,3.21
S1118,14,Male,Snapchat,1.87,,8.3,3.5,8.2,3.22,3.68
S1119,13,Male,Other,1.54,85.0,7.6,5.9,9.7,2.2,4.0
S1120,15,Male,Instagram,3.25,40.0,7.2,0.0,3.1,6.62,3.18
S1121,17,Female,Instagram,2.89,42.0,8.3,2.4,5.3,5.16,3.57
S1122,16,Female,Instagram,1.85,60.0,9.1,7.1,5.1,2.73,4.0
S1123,15,Male,Instagram,2.74,12.0,8.1,0.1,6.3,7.02,2.86
S1124,18,Female,TikTok,3.34,99.0,7.4,7.1,5.8,3.92,4.0
S1125,16,Female,TikTok,2.9,76.0,8.5,8.2,5.6,3.69,4.0
S1126,13,Female,Instagram,2.76,81.0,6.6,3.5,7.6,5.68,2.81
S1127,17,Female,Snapchat,5.07,105.0,8.1,4.7,3.5,6.81,2.53
S1128,16,Female,TikTok,4.12,74.0,9.0,7.0,3.9,5.96,3.65
S1129,16,Male,Instagram,6.9,90.0,4.8,2.5,3.1,9.26,1.89
S1130,16,Female,Snapchat,3.58,67.0,7.7,6.5,5.1,6.03,2.74
S1131,16,Female,Snapchat,2.93,37.0,7.7,2.7,4.0,4.51,3.55
S1132,13,Female,YouTube,3.01,74.0,7.6,3.2,5.8,5.96,3.04
S1133,16,Female,YouTube,3.6,91.0,7.1,2.3,5.5,6.63,3.07
S1134,17,Female,Snapchat,4.03,113.0,7.6,5.1,,7.1,3.11
S1135,14,Male,TikTok,6.59,122.0,6.3,6.6,6.2,4.95,2.87
S1136,16,Female,Instagram,2.26,75.0,7.4,4.1,6.0,3.55,3.84
S1137,13,Female,Snapchat,4.3,73.0,7.2,1.0,7.2,6.65,2.63
S1138,15,Female,TikTok,4.05,65.0,7.8,1.5,,2.68,3.49
S1139,15,Female,TikTok,1.56,54.0,7.7,5.7,6.3,4.38,3.43
S1140,18,Female,TikTok,5.08,81.0,6.2,8.6,,7.38,3.19
S1141,14,Female,Instagram,5.05,97.0,8.2,5.0,5.3,4.79,3.31
S1142,14,Male,Instagram,2.08,23.0,8.1,3.6,7.3,3.43,4.0
S1143,15,Female,TikTok,3.75,50.0,7.7,6.2,5.0,3.78,4.0
S1144,18,Male,YouTube,0.98,50.0,8.3,,7.3,2.65,3.73
S1145,18,Female,Other,1.44,62.0,8.6,3.8,5.1,3.18,2.88
S1146,13,Female,TikTok,5.07,66.0,8.2,1.6,6.5,4.82,3.64
S1147,14,Female,Other,2.23,68.0,8.5,8.1,5.2,2.8,3.96
S1148,17,Male,TikTok,2.37,,7.2,0.0,7.5,4.63,2.93
S1149,13,Male,Other,3.12,64.0,7.0,6.4,6.0,4.56,3.23
S1150,18,Female,Other,2.47,90.0,7.5,3.3,8.5,6.31,2.95
S1151,14,Female,TikTok,3.02,82.0,7.5,3.4,4.0,4.86,3.78
S1152,18,Female,YouTube,4.44,102.0,6.2,8.3,3.1,6.61,3.0
S1153,14,Female,Other,1.25,85.0,8.6,3.0,5.4,3.06,4.0
S1154,15,Male,YouTube,1.89,29.0,7.8,2.9,4.0,4.01,3.75
S1155,16,Female,Other,3.26,41.0,8.9,4.0,3.6,2.74,3.83
S1156,13,Female,Instagram,4.56,66.0,8.5,5.1,6.4,3.05,3.67
S1157,16,Male,TikTok,5.57,92.0,6.7,2.8,5.1,5.44,3.15
S1158,16,Female,YouTube,2.31,0.0,8.8,0.6,5.3,4.53,3.81
S1159,17,Female,Snapchat,4.73,81.0,6.4,1.9,4.8,7.9,2.82
S1160,18,Male,Snapchat,2.4,40.0,8.7,7.7,5.1,1.64,4.0
S1161,16,Female,Instagram,6.0,124.0,,4.0,7.6,6.06,2.85
S1162,15,Female,Instagram,1.77,54.0,7.7,5.8,5.1,2.64,4.0
S1163,15,Female,TikTok,5.62,84.0,6.7,3.2,3.0,6.8,2.6
S1164,15,Male,Snapchat,2.34,68.0,7.7,2.9,7.4,5.52,2.86
S1165,17,Female,TikTok,6.74,132.0,6.0,7.8,4.4,6.67,2.5
S1166,14,Female,Snapchat,4.01,57.0,8.2,3.7,8.9,4.38,3.4
S1167,14,Female,YouTube,1.66,31.0,8.1,3.6,5.5,5.68,3.58
S1168,15,Female,Instagram,2.63,1.0,9.7,7.2,7.4,3.33,4.0
S1169,13,Male,Instagram,4.29,53.0,6.7,2.3,7.2,4.98,2.62
S1170,13,Female,Instagram,4.67,67.0,8.3,2.6,4.6,5.78,2.96
S1171,13,Male,Other,2.7,60.0,7.4,4.5,4.8,4.03,3.4
S1172,17,Male,Snapchat,3.48,,7.9,4.3,6.9,5.1,3.64
S1173,17,Male,Instagram,4.58,71.0,7.1,4.7,6.3,6.22,2.81
S1174,17,Female,TikTok,4.1,47.0,,9.4,3.3,3.59,3.62
S1175,15,Male,TikTok,1.95,,8.8,5.5,4.4,3.97,3.33
S1176,17,Male,Instagram,2.38,64.0,8.8,0.0,2.0,4.92,3.58
S1177,13,Female,Other,3.13,74.0,8.5,5.2,6.8,4.69,3.52
S1178,18,Male,Snapchat,5.2,93.0,6.7,4.1,4.8,7.4,2.44
S1179,16,Male,TikTok,6.1,67.0,7.0,3.9,4.7,7.26,2.61
S1180,18,Female,YouTube,4.49,67.0,6.9,4.7,2.7,5.99,3.42
S1181,13,Male,Instagram,3.6,60.0,7.1,4.2,4.0,6.69,2.6
S1182,15,Female,YouTube,4.21,69.0,6.8,4.0,4.8,5.05,2.86
S1183,17,Male,TikTok,2.99,64.0,7.6,5.9,4.8,3.29,4.0
S1184,15,Non-binary,Snapchat,3.05,98.0,7.6,3.0,6.1,1.39,3.99
S1185,15,Female,Other,1.81,66.0,7.0,2.3,7.2,4.52,3.56
S1186,13,Male,TikTok,1.85,21.0,8.8,12.2,9.9,1.03,4.0
S1187,15,Female,Snapchat,3.73,89.0,8.2,2.5,5.6,5.45,3.26
S1188,14,Male,Other,3.14,80.0,8.3,4.6,7.6,1.91,3.91
S1189,14,Male,TikTok,4.64,65.0,6.9,0.3,4.1,5.98,3.13
S1190,17,Female,TikTok,4.68,107.0,6.1,4.4,2.7,7.43,3.03
S1191,16,Female,Snapchat,3.68,68.0,7.8,1.9,5.1,4.24,3.78
S1192,16,Female,Instagram,4.22,44.0,6.3,3.0,3.0,7.17,2.25
S1193,15,Female,TikTok,3.7,83.0,8.2,6.9,5.7,3.87,4.0
S1194,18,Female,Instagram,4.18,84.0,7.2,5.3,4.3,5.64,3.05
S1195,13,Female,Snapchat,2.08,43.0,9.5,6.0,3.0,4.3,3.62
S1196,15,Female,TikTok,4.28,79.0,6.2,0.0,8.3,7.26,2.45
S1197,13,Female,Instagram,4.14,60.0,8.3,8.8,4.7,4.7,3.93
S1198,15,Male,YouTube,2.22,66.0,7.9,1.6,3.5,4.12,3.69
S1199,18,Male,Instagram,3.67,70.0,7.5,8.1,7.1,3.94,3.57
S1200,15,Male,YouTube,2.29,56.0,7.4,7.1,4.9,5.1,3.75
S1201,18,Female,Instagram,2.86,69.0,8.2,5.9,7.7,2.72,3.99
S1202,15,Male,Other,1.39,11.0,9.2,2.6,5.2,3.3,3.72
S1203,17,Male,Snapchat,5.19,70.0,8.2,4.3,4.4,5.25,3.06
S1204,15,Female,TikTok,5.25,38.0,8.0,2.8,5.8,5.64,3.28
S1205,14,Female,YouTube,3.83,88.0,7.0,4.3,6.6,4.23,3.34
S1206,17,Male,Instagram,6.28,78.0,6.2,3.1,6.1,5.1,2.43
S1207,18,Female,TikTok,3.74,76.0,6.6,0.0,5.5,6.82,2.97
S1208,14,Male,TikTok,7.92,140.0,6.6,6.2,5.3,8.45,2.26
S1209,17,Non-binary,Snapchat,3.1,78.0,7.2,4.2,7.1,2.87,4.0
S1210,14,Female,TikTok,4.04,46.0,8.6,3.0,5.9,5.26,2.87
S1211,17,Female,TikTok,3.36,65.0,8.0,2.9,5.6,6.13,3.08
S1212,17,Non-binary,TikTok,4.44,124.0,,5.0,3.2,6.78,2.67
S1213,15,Male,Instagram,4.53,126.0,6.5,1.9,6.4,5.79,2.55
S1214,17,Female,Instagram,3.36,92.0,7.7,,,4.34,3.14
S1215,14,Male,Instagram,5.77,109.0,6.6,4.9,4.4,6.84,3.39
S1216,13,Male,TikTok,3.93,50.0,7.5,5.5,7.7,5.03,3.4
S1217,13,Male,TikTok,3.98,94.0,7.7,3.7,3.3,5.81,2.88
S1218,15,Male,Snapchat,1.99,44.0,8.2,1.7,8.8,3.58,3.01
S1219,18,Female,Instagram,4.19,93.0,6.8,4.4,5.5,4.64,2.64
S1220,13,Female,Snapchat,2.91,45.0,8.3,0.8,6.4,5.13,3.12
S1221,15,Male,TikTok,2.91,56.0,7.8,1.9,5.3,5.52,2.99
S1222,17,Female,TikTok,2.83,,8.1,2.6,3.3,5.3,3.25
S1223,14,Male,TikTok,7.42,130.0,5.7,5.6,4.4,8.04,1.57
S1224,17,Male,Instagram,3.15,76.0,6.9,,6.4,7.07,2.82
S1225,14,Female,Instagram,1.24,23.0,,3.6,7.5,1.89,4.0
S1226,17,Male,YouTube,2.34,19.0,9.6,9.4,5.8,4.21,4.0
S1227,16,Female,Instagram,3.37,108.0,7.9,5.2,2.3,4.53,2.84
S1228,16,Male,Instagram,4.21,141.0,6.5,5.0,3.1,7.55,2.43
S1229,14,Female,Snapchat,3.96,87.0,7.1,3.3,8.9,6.39,2.66
S1230,15,Male,TikTok,4.71,53.0,8.3,2.6,3.6,5.47,3.27
S1231,18,Male,Instagram,2.7,38.0,7.8,0.0,8.3,6.41,2.56
S1232,13,Female,Instagram,3.68,84.0,7.1,,4.2,5.86,3.79
S1233,17,Male,Instagram,2.29,86.0,,5.7,5.8,2.57,4.0
S1234,15,Male,TikTok,2.89,30.0,8.2,4.0,6.9,3.85,3.61
S1235,17,Male,YouTube,2.04,45.0,9.4,4.2,4.9,4.8,4.0
S1236,16,Male,Other,1.38,44.0,7.7,,8.9,4.17,3.7
S1237,15,Non-binary,TikTok,5.25,115.0,6.9,0.1,5.3,5.62,3.0
S1238,14,Female,Snapchat,4.14,69.0,8.7,,6.3,4.67,3.2
S1239,16,Male,YouTube,4.61,45.0,,1.2,5.0,6.3,2.43
S1240,13,Female,TikTok,3.66,87.0,,8.7,6.8,3.93,3.46
S1241,16,Male,YouTube,4.33,109.0,6.4,6.3,8.0,8.0,3.42
S1242,13,Male,Snapchat,0.63,27.0,9.4,0.0,6.4,3.4,4.0
S1243,16,Female,Other,4.25,90.0,6.7,0.4,8.3,5.82,2.95
S1244,16,Female,Other,3.29,54.0,7.8,4.0,4.8,6.33,2.79
S1245,13,Male,TikTok,4.48,62.0,6.7,2.9,6.7,5.57,3.31
S1246,17,Female,Instagram,4.05,102.0,8.0,0.9,6.4,6.46,2.5
S1247,15,Male,Instagram,1.98,57.0,9.0,9.5,4.5,1.31,3.95
S1248,17,Female,TikTok,1.82,58.0,8.3,5.4,6.6,3.12,3.71
S1249,13,Male,Instagram,2.2,88.0,7.2,5.7,6.2,5.58,3.98
S1250,14,Female,Other,3.67,45.0,8.7,2.5,4.3,6.68,3.79
S1251,15,Female,TikTok,4.73,72.0,7.1,5.9,6.0,4.77,3.15
S1252,14,Male,Instagram,1.36,43.0,7.8,3.8,6.6,2.86,3.61
S1253,14,Male,YouTube,1.71,30.0,,4.0,6.2,4.87,2.84
S1254,16,Female,Instagram,2.43,,7.6,6.0,6.0,3.62,3.73
S1255,13,Female,Instagram,2.7,53.0,7.1,0.4,5.8,5.12,3.17
S1256,17,Male,Other,1.21,12.0,,8.7,5.8,3.84,4.0
S1257,13,Male,Instagram,1.21,39.0,9.1,5.2,6.7,2.31,4.0
S1258,14,Female,TikTok,2.53,60.0,7.9,7.7,5.0,1.99,4.0
S1259,16,Male,TikTok,3.96,99.0,7.4,1.5,9.9,3.52,3.63
S1260,17,Male,Other,1.47,50.0,7.9,2.4,4.1,4.47,3.26
S1261,14,Male,TikTok,3.52,81.0,7.5,1.4,4.8,3.56,3.65
S1262,14,Male,Instagram,4.76,95.0,8.2,4.7,4.6,5.1,3.19
S1263,18,Male,TikTok,2.18,46.0,8.1,4.7,9.4,1.93,4.0
S1264,18,Female,Instagram,3.31,48.0,8.1,3.2,3.7,6.96,3.16
S1265,16,Male,Other,4.47,90.0,6.2,1.6,6.1,8.9,2.29
S1266,15,Male,Instagram,2.77,51.0,8.9,1.3,6.4,3.09,4.0
S1267,15,Male,Other,2.16,92.0,7.5,4.4,6.7,4.56,2.93
S1268,16,Female,TikTok,5.47,130.0,7.1,2.7,,5.08,2.71
S1269,16,Female,Instagram,3.01,78.0,7.6,2.7,7.8,4.29,3.33
S1270,14,Male,YouTube,4.63,94.0,7.6,7.9,4.7,7.29,2.5
S1271,13,Female,Instagram,3.8,71.0,7.9,4.0,6.0,4.45,3.32
S1272,13,Male,TikTok,3.12,32.0,8.0,7.6,2.9,4.47,3.5
S1273,18,Female,YouTube,4.07,72.0,8.1,2.9,5.7,4.15,3.93
S1274,15,Male,Instagram,3.81,,7.1,4.9,4.4,6.9,2.97
S1275,15,Male,Instagram,4.79,93.0,7.5,3.9,5.1,2.23,4.0
S1276,15,Female,Other,2.19,62.0,7.7,0.3,3.4,4.77,3.41
S1277,17,Female,TikTok,3.98,99.0,7.5,7.8,6.3,4.71,3.31
S1278,13,Male,Instagram,3.11,46.0,7.7,4.0,3.2,4.56,3.49
S1279,13,Male,TikTok,4.59,67.0,7.5,5.9,5.7,6.36,3.34
S1280,14,Female,Instagram,1.84,82.0,7.3,2.8,4.3,6.22,3.51
S1281,15,Male,TikTok,5.18,112.0,6.9,3.6,3.9,5.05,3.06
S1282,17,Male,Snapchat,4.07,67.0,7.5,2.0,7.4,7.63,2.15
S1283,15,Female,TikTok,1.92,44.0,8.1,7.7,,1.79,3.61
S1284,15,Female,Snapchat,4.95,87.0,7.1,4.8,7.2,7.08,2.71
S1285,18,Female,TikTok,7.13,121.0,6.2,4.5,7.2,7.31,1.72
S1286,13,Female,Instagram,4.6,96.0,6.8,7.5,4.2,5.31,3.86
S1287,16,Female,Instagram,5.44,160.0,6.2,6.8,7.6,5.58,3.24
S1288,16,Female,Snapchat,3.46,73.0,7.1,6.2,3.4,5.44,3.04
S1289,15,Male,Instagram,1.03,51.0,9.8,1.2,7.7,2.93,3.66
S1290,17,Female,Instagram,0.94,0.0,9.7,3.1,5.7,1.87,4.0
S1291,14,Male,YouTube,3.44,56.0,7.9,1.8,4.3,5.14,2.87
S1292,18,Female,Instagram,2.77,90.0,8.4,6.3,7.0,2.95,3.59
S1293,14,Female,TikTok,2.4,64.0,6.9,4.9,7.6,3.19,3.36
S1294,16,Male,YouTube,3.15,0.0,6.8,0.9,7.3,4.53,3.22
S1295,16,Male,Instagram,4.3,97.0,6.9,3.7,5.9,4.56,3.46
S1296,18,Female,TikTok,1.97,95.0,6.9,0.9,6.4,4.55,3.67
S1297,15,Female,Instagram,2.73,8.0,8.3,4.3,6.8,4.55,3.93
S1298,14,Female,TikTok,5.79,139.0,6.3,0.0,5.5,7.45,2.42
S1299,13,Male,TikTok,2.09,0.0,9.3,5.9,7.0,5.18,4.0
S1300,15,Female,Snapchat,4.48,106.0,6.4,5.0,5.8,3.62,3.14
S1301,17,Female,TikTok,3.24,65.0,8.2,9.1,7.2,4.28,3.12
S1302,13,Female,YouTube,3.76,14.0,8.2,6.4,3.1,5.05,3.25
S1303,18,Female,Other,4.74,97.0,7.2,3.0,5.2,6.96,2.53
S1304,16,Male,Snapchat,4.38,110.0,6.7,6.2,3.3,6.9,2.68
S1305,13,Male,Snapchat,4.37,90.0,7.9,0.6,5.9,5.47,2.78
S1306,14,Male,Snapchat,1.57,,8.2,2.3,9.0,3.68,3.52
S1307,16,Female,Other,4.6,74.0,8.4,4.9,4.7,4.39,3.75
S1308,14,Female,Instagram,2.09,3.0,8.1,0.0,6.4,5.18,3.88
S1309,13,Female,TikTok,3.96,93.0,7.7,4.1,6.8,2.92,3.1
S1310,16,Male,Instagram,3.8,117.0,7.0,1.7,2.4,7.28,2.26
S1311,17,Male,Instagram,4.2,107.0,6.9,,4.7,5.88,2.76
S1312,13,Male,TikTok,4.07,27.0,8.2,1.5,6.2,4.67,3.61
S1313,14,Non-binary,Snapchat,2.0,10.0,8.5,5.7,1.6,4.17,3.68
S1314,14,Non-binary,TikTok,1.79,24.0,7.0,,4.7,4.55,3.18
S1315,16,Male,Other,4.26,40.0,6.0,7.6,7.3,7.0,3.08
S1316,17,Female,TikTok,4.18,80.0,8.1,4.2,7.2,8.36,3.11
S1317,17,Female,TikTok,5.53,107.0,7.4,2.0,5.7,7.68,2.62
S1318,18,Female,TikTok,3.94,39.0,8.9,3.6,7.0,3.71,3.43
S1319,17,Male,TikTok,1.95,67.0,8.0,1.2,6.6,5.01,3.45
S1320,14,Female,TikTok,5.03,105.0,6.1,5.0,6.2,7.11,2.6
S1321,13,Male,TikTok,3.08,49.0,7.8,5.9,5.4,3.61,3.61
S1322,16,Male,TikTok,4.32,76.0,7.5,10.3,5.7,3.33,3.65
S1323,18,Male,TikTok,3.09,15.0,7.7,2.8,4.9,5.07,3.62
S1324,18,Female,Instagram,5.9,94.0,7.7,3.2,7.1,6.85,2.94
S1325,14,Female,Instagram,2.05,49.0,9.6,3.2,8.6,1.14,4.0
S1326,14,Female,Instagram,2.81,64.0,8.2,5.0,8.2,3.07,4.0
S1327,13,Male,Instagram,3.35,76.0,7.7,5.3,5.1,5.55,3.45
S1328,13,Male,TikTok,2.07,55.0,,4.5,4.7,4.7,3.26
S1329,16,Male,TikTok,4.3,74.0,8.4,6.9,7.6,5.88,3.72
S1330,16,Female,TikTok,6.1,113.0,6.5,2.2,5.8,5.49,3.03
S1331,15,Female,Snapchat,2.57,81.0,7.7,7.0,6.6,6.67,4.0
S1332,14,Female,Other,3.43,,8.0,5.7,4.8,3.08,3.92
S1333,17,Male,Other,0.2,31.0,8.6,4.9,7.4,0.36,4.0
S1334,15,Male,Instagram,3.31,62.0,7.9,3.6,4.1,5.12,3.43
S1335,17,Female,Instagram,3.08,47.0,7.3,10.5,6.9,2.8,3.92
S1336,18,Male,Instagram,2.45,67.0,8.6,2.5,8.3,3.75,3.6
S1337,14,Female,YouTube,4.59,70.0,7.3,4.8,,5.13,3.34
S1338,14,Male,YouTube,2.62,66.0,8.6,2.6,7.1,3.83,3.85
S1339,18,Female,YouTube,3.15,65.0,7.8,8.8,3.6,3.66,4.0
S1340,16,Female,YouTube,2.71,50.0,8.1,6.7,6.3,4.51,3.74
S1341,14,Male,Instagram,0.6,20.0,8.2,3.2,10.0,2.41,3.83
S1342,16,Female,YouTube,1.66,30.0,9.1,6.0,4.9,4.55,3.68
S1343,16,Female,YouTube,4.59,43.0,7.1,4.7,5.3,5.61,2.65
S1344,18,Female,Instagram,0.65,,8.4,3.6,8.9,1.74,4.0
S1345,14,Female,Other,1.81,51.0,8.4,6.5,7.2,1.44,4.0
S1346,18,Male,TikTok,3.44,89.0,7.6,5.3,9.7,3.99,3.9
S1347,18,Male,Other,5.64,86.0,5.9,4.4,3.9,5.85,2.92
S1348,14,Male,YouTube,4.16,126.0,6.8,4.1,4.0,4.64,3.34
S1349,13,Female,TikTok,2.82,50.0,8.6,5.5,7.9,4.24,3.66
S1350,16,Male,Snapchat,5.17,70.0,7.0,4.5,3.3,4.58,2.97
S1351,13,Female,TikTok,2.56,31.0,8.2,4.6,5.7,5.8,3.0
S1352,14,Female,YouTube,4.49,40.0,7.7,2.5,5.3,5.87,3.68
S1353,15,Female,YouTube,1.26,76.0,8.3,9.0,8.1,2.61,4.0
S1354,18,Male,Snapchat,5.0,124.0,6.0,1.4,6.3,5.71,3.17
S1355,18,Male,YouTube,2.83,75.0,7.8,5.5,6.7,5.14,3.91
S1356,13,Male,TikTok,2.16,28.0,9.0,3.8,5.5,3.74,3.68
S1357,18,Male,TikTok,3.7,117.0,6.6,,7.6,4.03,3.68
S1358,13,Male,Instagram,3.59,61.0,7.4,2.0,10.0,4.89,3.25
S1359,17,Male,TikTok,3.23,58.0,7.0,2.5,6.9,3.4,3.07
S1360,18,Male,Instagram,4.38,117.0,7.4,1.7,,4.05,3.27
S1361,18,Female,TikTok,3.18,81.0,7.6,,3.8,3.9,3.79
S1362,14,Female,Instagram,4.15,133.0,6.2,0.7,4.5,7.11,2.4
S1363,18,Female,Instagram,4.22,85.0,7.3,,5.2,5.76,2.95
S1364,13,Male,YouTube,2.91,51.0,7.2,0.0,5.1,6.8,2.74
S1365,16,Female,TikTok,3.22,50.0,7.3,5.0,5.8,3.95,4.0
S1366,15,Male,YouTube,3.37,21.0,7.3,3.1,8.6,5.41,2.53
S1367,14,Female,Instagram,4.05,70.0,6.7,0.5,7.6,5.75,3.07
S1368,13,Male,Instagram,6.09,134.0,7.2,6.5,4.7,5.31,3.09
S1369,17,Female,Instagram,4.84,103.0,6.4,0.8,3.4,7.55,2.27
S1370,15,Female,Instagram,4.73,87.0,7.5,6.0,7.5,5.05,3.22
S1371,16,Female,TikTok,8.16,109.0,5.4,1.6,4.3,8.25,2.31
S1372,15,Female,Instagram,4.08,83.0,7.9,8.2,2.8,5.21,3.73
S1373,15,Male,TikTok,4.44,107.0,6.4,6.0,6.6,5.58,3.14
S1374,18,Female,Instagram,4.59,95.0,7.0,1.6,7.1,5.74,3.34
S1375,13,Male,Instagram,1.79,49.0,8.3,2.3,2.4,4.25,4.0
S1376,17,Female,Instagram,2.9,41.0,9.6,5.9,4.6,2.25,4.0
S1377,17,Female,YouTube,2.61,78.0,8.2,3.8,5.8,4.43,3.36
S1378,15,Male,TikTok,4.67,7.0,7.6,3.6,6.6,4.61,3.49
S1379,14,Female,Other,2.64,66.0,8.4,7.7,5.2,2.75,4.0
S1380,13,Non-binary,YouTube,3.19,129.0,8.4,2.5,4.5,4.64,3.18
S1381,18,Male,Other,4.72,48.0,6.5,4.3,6.5,6.82,2.24
S1382,18,Male,YouTube,4.61,78.0,6.8,6.5,4.7,6.09,2.35
S1383,14,Female,TikTok,3.45,68.0,7.6,6.3,6.6,4.02,3.62
S1384,13,Female,Instagram,2.26,40.0,8.0,4.1,4.3,3.87,3.77
S1385,13,Male,TikTok,5.19,119.0,6.5,3.2,3.1,7.72,2.14
S1386,13,Female,YouTube,4.08,89.0,6.4,0.0,6.8,3.65,3.56
S1387,17,Female,Snapchat,1.17,40.0,9.4,2.1,6.9,3.94,3.88
S1388,18,Female,TikTok,3.56,90.0,6.6,5.1,7.2,3.18,4.0
S1389,13,Male,Other,3.03,,7.7,4.0,5.0,3.35,3.8
S1390,17,Male,TikTok,5.01,170.0,6.9,4.2,4.0,5.87,2.61
S1391,14,Male,Instagram,4.55,88.0,7.2,6.7,7.6,7.47,3.04
S1392,15,Male,Snapchat,3.66,,6.9,1.3,3.3,8.15,2.77
S1393,16,Female,TikTok,4.66,42.0,6.8,3.5,7.4,6.58,2.64
S1394,17,Male,Snapchat,3.51,56.0,7.7,4.8,7.9,4.95,2.87
S1395,18,Female,YouTube,2.46,83.0,7.3,2.7,7.4,2.55,3.76
S1396,13,Male,TikTok,3.23,32.0,8.3,7.9,4.7,4.42,3.36
S1397,14,Female,Instagram,3.31,12.0,7.5,6.6,4.5,4.33,3.94
S1398,14,Non-binary,TikTok,3.63,72.0,,,5.4,3.89,3.49
S1399,14,Female,Snapchat,0.54,62.0,,9.4,4.6,2.82,4.0
S1400,18,Female,TikTok,3.44,69.0,,0.6,4.2,5.16,2.43
S1401,17,Female,Other,3.2,56.0,8.7,4.3,6.9,5.01,3.57
S1402,14,Female,YouTube,2.69,11.0,8.2,5.4,7.0,1.82,4.0
S1403,18,Female,TikTok,3.65,,7.0,2.0,4.0,6.11,2.63
S1404,15,Male,Instagram,4.04,93.0,7.0,4.9,6.7,4.41,3.29
S1405,16,Female,Snapchat,1.83,1.0,8.6,1.9,7.0,3.33,3.63
S1406,15,Male,Snapchat,0.98,62.0,8.4,6.5,8.9,2.92,3.81
S1407,13,Female,Instagram,2.71,77.0,7.4,7.1,6.9,3.02,3.9
S1408,18,Male,TikTok,5.07,119.0,5.5,4.7,7.0,6.79,2.18
S1409,13,Female,TikTok,5.96,118.0,6.0,0.0,5.8,7.28,2.35
S1410,14,Male,Other,3.97,92.0,,1.8,7.2,4.65,3.43
S1411,14,Male,Instagram,1.22,50.0,8.6,6.2,4.4,2.94,3.97
S1412,14,Female,YouTube,2.75,80.0,8.5,4.5,5.8,4.0,3.34
S1413,13,Male,Instagram,3.56,24.0,9.1,0.0,5.7,3.89,3.95
S1414,13,Female,Other,3.05,25.0,8.8,7.5,5.5,3.84,4.0
S1415,17,Female,TikTok,4.68,67.0,8.2,4.4,6.1,4.85,3.03
S1416,18,Male,TikTok,2.72,55.0,8.4,2.4,7.0,3.55,3.23
S1417,13,Male,Other,2.89,70.0,8.9,6.9,6.6,5.31,3.28
S1418,14,Female,Other,3.47,77.0,8.7,2.6,5.5,5.14,3.59
S1419,16,Female,Instagram,4.6,112.0,7.4,2.4,4.2,5.69,3.15
S1420,18,Male,Instagram,2.47,83.0,8.3,5.4,7.8,3.85,4.0
S1421,17,Male,Instagram,3.04,41.0,8.1,8.8,6.4,2.75,3.91
S1422,17,Non-binary,Instagram,0.2,29.0,9.1,9.0,5.1,1.78,4.0
S1423,16,Male,TikTok,2.97,40.0,7.9,5.3,5.6,4.16,3.92
S1424,15,Male,YouTube,2.43,49.0,8.6,5.7,3.3,2.91,3.77
S1425,14,Female,TikTok,2.25,60.0,7.7,6.5,6.2,4.47,3.67
S1426,18,Male,Snapchat,3.73,0.0,8.1,1.1,5.4,4.76,2.77
S1427,17,Female,TikTok,3.84,134.0,5.5,5.8,4.7,5.92,2.71
S1428,13,Male,TikTok,0.44,40.0,9.8,3.1,9.2,1.33,4.0
S1429,17,Female,Snapchat,3.72,57.0,7.6,5.1,3.8,8.63,2.45
S1430,13,Male,Instagram,1.9,95.0,,4.1,7.4,3.03,4.0
S1431,17,Male,Snapchat,4.1,69.0,8.4,5.4,9.1,1.84,3.22
S1432,17,Male,TikTok,2.13,53.0,8.4,4.9,7.9,1.75,3.94
S1433,13,Male,Other,2.84,,8.8,0.0,5.9,5.4,3.25
S1434,15,Female,Snapchat,2.86,101.0,6.8,,4.1,6.88,3.54
S1435,13,Male,YouTube,3.42,65.0,9.2,5.9,3.6,3.55,3.5
S1436,16,Female,TikTok,4.01,80.0,8.1,5.3,4.9,6.42,3.4
S1437,18,Female,Instagram,3.24,95.0,,4.1,4.7,5.94,3.54
S1438,13,Female,Instagram,1.05,49.0,9.5,8.9,5.3,2.17,4.0
S1439,15,Female,Instagram,1.29,37.0,7.9,5.5,5.9,3.39,3.71
S1440,18,Female,TikTok,3.18,92.0,,5.5,5.7,5.08,3.4
S1441,14,Male,TikTok,3.67,135.0,7.9,6.9,6.5,5.46,2.87
S1442,13,Male,Instagram,2.35,61.0,7.0,5.4,4.1,5.44,3.11
S1443,15,Male,TikTok,4.64,88.0,7.4,1.8,4.3,5.45,3.52
S1444,16,Female,Instagram,3.05,67.0,8.0,0.0,5.6,4.95,3.44
S1445,16,Female,TikTok,2.49,88.0,8.9,3.3,5.7,6.15,3.28
S1446,14,Female,TikTok,3.29,51.0,7.0,6.2,8.8,4.76,3.42
S1447,18,Male,Snapchat,3.82,66.0,8.5,3.4,6.0,5.67,3.51
S1448,16,Male,Instagram,3.89,36.0,7.6,6.2,,6.05,3.48
S1449,14,Female,Instagram,5.91,73.0,6.7,4.2,5.7,6.94,2.53
S1450,18,Male,Instagram,2.66,44.0,7.5,7.7,6.9,4.21,4.0
S1451,18,Female,YouTube,3.3,65.0,7.1,3.6,5.6,6.31,3.47
S1452,15,Female,Instagram,3.96,120.0,7.3,5.4,3.7,6.43,3.29
S1453,13,Female,Snapchat,3.07,76.0,7.1,5.7,8.7,4.71,3.09
S1454,16,Female,Other,2.34,30.0,8.9,8.3,4.4,2.77,3.8
S1455,16,Male,Instagram,1.27,20.0,8.3,0.5,7.5,4.23,3.42
S1456,13,Male,YouTube,2.28,86.0,7.1,3.4,6.4,4.68,3.36
S1457,16,Female,YouTube,1.74,72.0,7.9,6.8,7.2,3.17,3.27
S1458,18,Male,TikTok,1.58,43.0,8.8,8.5,9.1,5.35,3.89
S1459,13,Male,Instagram,2.09,38.0,8.2,5.2,7.1,2.01,4.0
S1460,17,Male,Snapchat,1.95,75.0,8.0,3.9,5.3,5.27,3.62
S1461,13,Male,Other,3.62,46.0,8.3,6.2,7.5,3.19,3.61
S1462,17,Female,Instagram,4.36,91.0,7.9,6.3,4.5,5.37,3.07
S1463,15,Male,TikTok,2.49,,7.3,3.6,6.3,7.54,2.96
S1464,13,Female,Instagram,2.84,65.0,7.3,5.3,3.9,4.06,3.48
S1465,18,Male,TikTok,1.4,20.0,8.9,7.7,4.7,2.36,4.0
S1466,13,Female,Snapchat,2.41,64.0,8.4,9.2,6.2,3.38,4.0
S1467,16,Male,Instagram,4.0,64.0,6.7,,6.2,4.5,3.73
S1468,14,Female,Snapchat,4.33,46.0,,4.2,2.8,7.18,2.43
S1469,18,Female,YouTube,2.4,71.0,7.5,4.4,6.9,3.78,3.68
S1470,17,Male,Snapchat,4.89,116.0,6.7,5.4,4.0,7.04,2.68
S1471,17,Male,Snapchat,1.3,30.0,,4.5,8.5,1.73,4.0
S1472,15,Female,Snapchat,1.51,32.0,9.0,5.2,5.8,1.24,4.0
S1473,15,Male,YouTube,4.15,54.0,,1.5,3.8,6.32,3.14
S1474,16,Male,YouTube,5.58,94.0,6.0,7.1,5.2,4.89,3.61
S1475,17,Female,TikTok,4.61,70.0,,1.2,4.0,8.19,2.65
S1476,18,Male,Instagram,3.54,44.0,7.8,3.2,7.8,3.04,3.63
S1477,13,Female,TikTok,0.53,75.0,7.6,5.1,6.6,2.29,3.92
S1478,16,Male,YouTube,0.41,37.0,8.6,9.9,6.4,2.72,3.68
S1479,13,Female,Snapchat,3.28,80.0,7.3,3.3,6.8,4.36,3.85
S1480,14,Female,Instagram,2.78,81.0,7.5,2.8,4.4,3.54,3.44
S1481,17,Male,TikTok,2.37,72.0,8.0,3.1,4.0,6.99,3.23
S1482,14,Male,Instagram,3.37,57.0,7.5,8.5,6.4,3.27,4.0
S1483,17,Male,Snapchat,3.58,77.0,8.3,0.0,4.0,5.29,2.78
S1484,15,Male,TikTok,5.08,84.0,7.3,,3.5,6.43,2.52
S1485,14,Male,TikTok,3.87,85.0,7.1,11.1,7.0,5.21,4.0
S1486,15,Male,YouTube,4.88,97.0,7.1,5.5,6.2,6.21,3.12
S1487,16,Male,YouTube,3.25,56.0,7.9,,3.8,4.54,3.16
S1488,17,Female,TikTok,3.76,39.0,8.6,4.1,4.7,4.44,3.53
S1489,16,Female,TikTok,5.33,98.0,6.5,4.1,,6.59,3.16
S1490,18,Female,Other,1.83,41.0,8.9,6.7,9.1,3.46,4.0
S1491,18,Male,Snapchat,7.44,77.0,6.6,8.1,6.0,5.55,2.53
S1492,17,Female,Snapchat,3.95,88.0,8.3,5.2,4.9,7.12,3.64
S1493,16,Female,Instagram,3.97,100.0,8.0,2.9,6.5,4.24,3.78
S1494,14,Male,TikTok,4.42,145.0,6.8,6.1,3.3,6.08,3.0
S1495,15,Female,TikTok,6.39,100.0,6.3,2.0,3.8,6.38,2.24
S1496,13,Female,Snapchat,4.21,65.0,7.7,1.6,5.7,4.19,3.73
S1497,15,Male,TikTok,1.51,13.0,8.5,0.3,7.1,2.89,3.96
S1498,18,Male,TikTok,5.96,109.0,,0.0,4.9,5.82,2.36
S1499,15,Female,Snapchat,2.78,64.0,7.9,2.2,6.4,4.23,3.39
S1500,13,Female,Other,2.95,41.0,7.8,1.5,6.0,3.9,4.0
S1501,16,Female,Snapchat,1.55,37.0,8.3,5.5,6.1,4.34,3.71
S1502,18,Male,Instagram,4.34,31.0,7.0,1.1,5.0,5.39,2.75
S1503,18,Male,Instagram,2.69,81.0,8.0,0.0,5.3,4.07,3.08
S1504,14,Female,Instagram,3.42,49.0,7.3,1.7,6.1,4.95,3.82
S1505,15,Male,Instagram,2.96,61.0,8.5,3.2,6.6,5.35,3.69
S1506,16,Female,Instagram,6.14,70.0,6.1,2.3,5.3,7.62,2.92
S1507,14,Female,Instagram,6.06,90.0,6.9,7.6,3.1,6.53,3.05
S1508,14,Non-binary,Snapchat,3.25,58.0,8.5,2.8,4.2,3.3,4.0
S1509,14,Female,YouTube,3.17,64.0,6.6,6.6,6.5,3.78,3.21
S1510,18,Female,Other,2.68,69.0,9.1,4.4,8.4,1.94,4.0
S1511,17,Female,TikTok,5.47,133.0,6.2,3.8,5.4,8.24,2.53
S1512,18,Male,Instagram,3.14,82.0,7.7,2.3,5.2,5.76,3.63
S1513,17,Male,TikTok,3.33,91.0,7.8,4.2,6.2,3.81,3.7
S1514,18,Non-binary,Instagram,4.97,126.0,7.0,2.1,3.5,6.04,2.69
S1515,13,Female,TikTok,2.85,74.0,8.0,4.9,8.0,3.14,3.81
S1516,18,Female,TikTok,3.95,74.0,8.1,3.6,5.9,4.05,2.94
S1517,13,Male,YouTube,0.79,56.0,8.8,2.5,5.5,3.91,2.96
S1518,15,Female,Instagram,4.35,108.0,8.2,6.6,5.2,4.6,3.84
S1519,16,Male,YouTube,5.96,120.0,6.8,4.9,4.2,9.08,2.25
S1520,15,Male,TikTok,4.77,50.0,8.6,2.9,7.5,6.26,3.05
S1521,13,Female,TikTok,5.65,78.0,7.5,4.2,4.8,7.66,3.02
S1522,14,Male,Instagram,2.1,42.0,7.2,4.4,6.4,5.2,3.81
S1523,17,Female,TikTok,4.25,99.0,8.6,2.0,6.4,4.48,3.65
S1524,14,Female,TikTok,2.36,53.0,7.8,4.7,4.9,5.16,4.0
S1525,14,Male,Other,2.56,84.0,8.6,2.9,6.3,3.71,3.89
S1526,18,Male,TikTok,5.08,124.0,6.6,1.6,5.7,8.41,2.49
S1527,13,Male,TikTok,3.74,102.0,7.8,0.2,3.2,6.44,3.01
S1528,18,Male,Instagram,1.62,73.0,7.7,3.8,6.7,4.29,3.11
S1529,18,Non-binary,Instagram,1.76,19.0,9.1,6.1,6.2,3.27,4.0
S1530,16,Non-binary,Snapchat,1.41,52.0,8.2,3.0,6.6,5.66,2.51
S1531,13,Male,Instagram,3.89,59.0,8.8,10.5,5.7,2.24,4.0
S1532,13,Female,YouTube,5.89,61.0,7.4,6.0,5.4,8.09,2.71
S1533,14,Male,TikTok,5.59,91.0,7.5,7.1,7.3,5.2,3.02
S1534,16,Male,Instagram,0.79,64.0,7.2,6.8,,2.34,3.84
S1535,13,Female,Snapchat,5.09,103.0,7.0,8.6,4.7,4.93,3.99
S1536,15,Female,YouTube,4.47,133.0,6.9,2.1,6.5,4.13,3.64
S1537,13,Female,Instagram,1.04,39.0,8.7,0.0,7.3,4.3,3.33
S1538,16,Female,Instagram,3.02,123.0,7.8,3.3,6.6,3.52,3.45
S1539,13,Male,TikTok,5.13,96.0,6.7,5.4,9.7,5.58,2.62
S1540,17,Female,TikTok,4.69,86.0,7.2,4.4,6.4,6.91,3.12
S1541,13,Male,TikTok,1.77,13.0,9.4,5.3,8.1,1.95,4.0
S1542,14,Male,Snapchat,4.04,104.0,5.9,7.5,5.1,5.65,2.38
S1543,14,Male,TikTok,0.69,17.0,9.4,5.8,5.0,1.31,4.0
S1544,17,Female,Snapchat,3.11,47.0,7.8,6.4,5.4,4.1,3.79
S1545,13,Female,TikTok,5.19,125.0,6.0,1.6,6.4,9.71,2.39
S1546,15,Male,YouTube,3.19,94.0,7.6,1.6,6.5,5.91,3.06
S1547,16,Male,YouTube,2.54,84.0,8.6,8.5,6.7,3.05,3.93
S1548,16,Male,TikTok,5.09,82.0,7.7,4.2,4.9,5.16,3.94
S1549,17,Male,TikTok,5.28,93.0,6.8,2.4,4.6,6.66,2.75
S1550,17,Female,TikTok,5.75,99.0,7.2,2.3,4.8,6.82,3.01
S1551,15,Male,YouTube,4.38,101.0,7.6,2.5,6.6,5.04,3.02
S1552,17,Female,TikTok,5.43,135.0,6.3,2.1,6.5,7.29,2.79
S1553,14,Female,Instagram,4.31,89.0,6.7,0.9,3.9,5.56,2.42
S1554,18,Male,Instagram,3.97,125.0,6.5,0.5,6.8,5.07,2.82
S1555,16,Female,YouTube,3.37,90.0,8.0,3.8,4.7,5.4,2.89
S1556,17,Female,Instagram,3.19,59.0,7.8,2.9,6.6,3.52,3.38
S1557,18,Female,Instagram,1.9,67.0,7.6,7.4,5.9,4.71,4.0
S1558,17,Female,Other,1.78,,7.0,5.4,8.8,3.91,3.35
S1559,18,Male,TikTok,3.61,120.0,7.6,4.9,5.0,3.09,3.96
S1560,16,Female,YouTube,3.58,100.0,6.9,2.4,6.0,5.72,3.56
S1561,13,Male,TikTok,5.62,99.0,6.9,3.6,6.1,4.51,3.18
S1562,15,Male,Instagram,3.3,61.0,8.6,5.2,,5.29,3.83
S1563,14,Female,YouTube,4.48,97.0,6.4,5.9,5.3,5.76,3.22
S1564,18,Female,Snapchat,5.01,132.0,6.6,3.8,4.9,8.53,2.49
S1565,14,Male,Snapchat,2.86,71.0,7.8,7.1,5.1,5.57,3.67
S1566,14,Male,TikTok,4.51,95.0,7.3,4.1,4.7,4.66,3.95
S1567,14,Male,Instagram,2.94,62.0,8.7,6.4,7.7,1.35,4.0
S1568,16,Male,Instagram,5.29,86.0,6.1,2.7,4.3,6.26,2.4
S1569,16,Female,Instagram,4.33,77.0,7.6,0.0,6.4,4.47,2.86
S1570,18,Female,Instagram,1.93,50.0,8.9,5.3,6.7,5.3,3.95
S1571,15,Male,Instagram,3.59,113.0,7.1,6.1,3.5,5.5,3.64
S1572,14,Female,Instagram,5.59,92.0,6.8,5.3,6.0,7.28,2.55
S1573,13,Male,TikTok,3.35,68.0,8.0,5.4,3.5,4.69,2.75
S1574,13,Male,Instagram,3.83,52.0,7.9,3.4,6.7,4.75,3.14
S1575,15,Male,TikTok,4.52,101.0,7.3,2.1,4.6,6.06,3.16
S1576,18,Female,YouTube,1.95,81.0,8.4,6.0,6.2,4.84,3.6
S1577,16,Female,Snapchat,4.05,117.0,6.5,5.3,3.5,6.53,2.96
S1578,18,Female,TikTok,2.05,54.0,8.8,3.2,6.4,2.58,3.79
S1579,13,Female,Snapchat,2.22,65.0,8.8,7.3,7.6,4.85,4.0
S1580,13,Male,YouTube,4.51,79.0,7.3,1.9,4.2,5.89,3.11
S1581,18,Female,TikTok,4.5,96.0,6.2,2.6,4.5,6.19,3.0
S1582,13,Female,TikTok,3.17,72.0,7.8,8.5,6.6,1.02,4.0
S1583,13,Female,TikTok,4.23,81.0,,6.3,6.3,5.75,3.42
S1584,15,Female,TikTok,3.68,75.0,6.8,3.4,1.8,6.46,3.07
S1585,18,Male,YouTube,3.42,79.0,7.4,5.0,9.0,4.54,3.1
S1586,17,Female,Other,4.04,69.0,6.7,4.6,6.4,5.18,3.28
S1587,13,Non-binary,TikTok,2.58,50.0,8.3,0.0,7.1,3.84,3.81
S1588,18,Female,Snapchat,3.56,112.0,7.2,2.0,5.5,5.16,3.56
S1589,18,Male,TikTok,3.56,138.0,6.0,4.2,2.8,7.02,2.87
S1590,17,Female,Snapchat,1.2,7.0,9.1,3.9,7.5,3.59,3.58
S1591,18,Female,Snapchat,2.21,19.0,8.5,5.2,,3.68,3.53
S1592,14,Male,Instagram,5.48,73.0,7.5,6.7,6.0,6.7,2.86
S1593,18,Male,TikTok,4.54,81.0,7.0,3.3,5.1,5.98,3.04
S1594,14,Male,Snapchat,1.33,61.0,7.8,2.1,6.8,3.46,3.62
S1595,17,Female,Other,0.96,48.0,8.2,5.6,5.3,3.72,3.44
S1596,16,Female,TikTok,3.68,76.0,7.2,3.4,7.1,3.7,3.07
S1597,17,Male,TikTok,6.11,119.0,6.4,3.4,3.1,7.7,1.77
S1598,16,Female,TikTok,3.58,53.0,7.9,3.6,9.3,2.66,2.67
S1599,16,Male,Instagram,5.27,88.0,7.0,9.6,8.8,3.83,3.54
S1600,16,Male,Snapchat,3.83,73.0,7.1,0.0,8.3,3.27,4.0
S1601,17,Male,YouTube,3.98,36.0,7.6,3.2,7.6,4.83,3.93
S1602,17,Male,Snapchat,1.55,13.0,10.0,4.7,6.2,4.47,3.56
S1603,13,Male,YouTube,4.31,52.0,7.1,2.2,7.4,5.51,3.09
S1604,17,Female,YouTube,2.85,79.0,7.5,6.7,5.8,5.21,2.89
S1605,16,Female,TikTok,5.05,97.0,,6.0,2.8,7.88,2.56
S1606,14,Male,Instagram,2.14,65.0,8.3,4.5,8.6,3.93,3.3
S1607,16,Female,TikTok,4.09,31.0,7.0,3.5,7.4,4.57,3.19
S1608,18,Female,Instagram,4.09,40.0,8.3,3.9,5.5,4.32,3.45
S1609,18,Female,Other,2.98,78.0,7.2,4.1,3.9,5.38,3.31
S1610,18,Male,Snapchat,4.07,7.0,8.7,4.0,4.6,4.24,3.82
S1611,15,Male,Other,2.59,87.0,7.6,4.0,3.1,4.51,3.34
S1612,17,Male,Instagram,2.61,11.0,8.2,5.1,7.5,4.93,3.54
S1613,15,Female,Instagram,5.61,120.0,7.6,5.8,2.6,7.52,2.45
S1614,17,Female,Instagram,4.99,68.0,7.5,0.9,5.8,4.34,2.76
S1615,16,Male,TikTok,2.77,85.0,8.2,1.8,4.6,3.96,3.03
S1616,14,Female,TikTok,4.48,163.0,6.6,0.0,3.2,6.49,2.92
S1617,14,Male,Instagram,2.24,0.0,8.5,6.7,6.5,4.19,3.66
S1618,13,Male,TikTok,1.94,65.0,8.5,5.2,5.7,4.97,2.94
S1619,13,Female,Other,4.25,,8.6,5.4,6.9,7.47,3.02
S1620,15,Female,TikTok,1.37,50.0,8.4,,4.4,3.73,3.23
S1621,15,Female,TikTok,5.06,86.0,8.3,8.5,4.1,4.71,4.0
S1622,13,Male,YouTube,2.65,60.0,8.5,2.9,2.2,5.62,3.14
S1623,15,Male,TikTok,3.46,46.0,,4.7,2.3,4.59,3.73
S1624,16,Female,YouTube,3.81,93.0,7.5,6.4,8.5,4.29,3.9
S1625,14,Male,Snapchat,3.99,40.0,7.8,1.7,8.9,4.4,3.02
S1626,15,Female,TikTok,2.6,87.0,6.9,3.1,6.2,2.17,3.77
S1627,15,Female,Snapchat,4.26,69.0,7.4,4.6,4.2,5.86,3.32
S1628,16,Male,Snapchat,3.5,34.0,8.4,11.4,5.3,3.63,4.0
S1629,15,Female,Snapchat,1.5,81.0,7.9,5.5,7.7,4.87,3.68
S1630,17,Female,YouTube,3.08,61.0,8.2,8.4,5.1,4.16,3.29
S1631,14,Male,Snapchat,5.11,139.0,6.6,7.0,5.6,4.62,3.48
S1632,15,Female,Snapchat,5.61,129.0,6.9,,5.1,6.1,2.78
S1633,15,Male,Instagram,4.36,61.0,7.8,1.7,4.6,3.52,3.61
S1634,14,Female,Snapchat,1.51,39.0,8.7,7.3,5.5,1.87,4.0
S1635,17,Female,Other,3.81,76.0,6.6,0.5,6.1,6.82,2.92
S1636,14,Female,Snapchat,4.37,119.0,8.1,8.1,3.9,4.74,3.69
S1637,14,Female,Snapchat,4.2,90.0,7.2,4.7,6.3,6.45,3.22
S1638,17,Female,Instagram,4.62,89.0,7.0,0.0,4.7,4.42,3.36
S1639,18,Female,Snapchat,4.01,71.0,7.3,3.3,5.8,5.28,3.7
S1640,17,Male,Other,3.02,61.0,7.6,6.0,,3.63,3.67
S1641,18,Female,TikTok,3.15,97.0,8.4,3.8,5.6,5.57,3.41
S1642,18,Female,TikTok,1.34,39.0,9.5,6.5,7.9,3.12,4.0
S1643,15,Female,Instagram,3.84,64.0,7.8,2.1,2.8,6.56,2.81
S1644,17,Female,Instagram,3.78,59.0,7.5,1.0,,7.44,2.27
S1645,14,Female,Instagram,4.06,63.0,7.9,4.0,5.6,4.75,3.56
S1646,15,Male,TikTok,1.89,11.0,8.7,4.7,9.3,4.45,3.63
S1647,16,Female,Instagram,4.34,62.0,7.3,3.3,2.4,5.13,2.77
S1648,18,Male,Snapchat,6.38,147.0,6.4,6.8,4.7,5.7,3.16
S1649,18,Male,Snapchat,3.61,65.0,7.3,2.2,8.0,5.89,3.55
S1650,15,Female,Snapchat,3.17,82.0,7.8,5.1,4.6,3.22,3.17
S1651,16,Female,Snapchat,3.77,11.0,8.3,4.4,5.3,5.46,3.71
S1652,14,Female,Snapchat,6.03,119.0,6.7,0.0,5.5,7.33,1.59
S1653,17,Male,YouTube,1.89,42.0,7.9,1.3,6.5,5.52,3.11
S1654,16,Female,Snapchat,3.62,59.0,8.2,4.3,8.2,4.27,4.0
S1655,16,Male,Instagram,2.32,57.0,7.7,9.5,6.8,3.67,3.75
S1656,17,Male,Snapchat,2.65,45.0,7.8,5.9,8.1,4.45,3.61
S1657,16,Male,TikTok,3.77,20.0,7.6,0.0,5.1,5.03,3.42
S1658,13,Male,TikTok,5.49,120.0,5.8,0.0,4.0,6.96,1.85
S1659,14,Non-binary,Instagram,5.8,107.0,7.3,5.7,4.7,6.78,2.93
S1660,14,Female,YouTube,3.71,64.0,7.1,4.0,3.8,5.76,3.12
S1661,17,Female,Snapchat,2.89,36.0,7.8,7.3,6.7,3.65,4.0
S1662,13,Female,TikTok,7.09,83.0,7.2,1.4,4.1,7.43,2.11
S1663,14,Male,Snapchat,2.58,62.0,7.7,5.4,5.0,6.34,3.06
S1664,16,Male,TikTok,3.04,103.0,7.4,6.5,6.7,4.01,3.27
S1665,17,Male,Snapchat,0.94,38.0,8.1,3.7,4.7,3.36,3.44
S1666,16,Female,YouTube,5.19,58.0,7.8,2.9,6.5,3.86,3.82
S1667,18,Male,Snapchat,4.86,94.0,,4.1,4.6,5.86,3.11
S1668,18,Male,Snapchat,6.88,115.0,,5.0,6.6,7.52,2.41
S1669,13,Male,Instagram,1.25,59.0,8.7,4.7,5.8,4.26,3.59
S1670,18,Male,Instagram,5.64,114.0,6.7,6.3,6.1,6.29,2.75
S1671,16,Female,YouTube,3.34,0.0,8.0,3.2,6.1,5.83,3.05
S1672,16,Female,Snapchat,4.47,96.0,6.5,0.8,6.6,7.12,2.16
S1673,13,Male,Instagram,0.89,7.0,9.9,9.8,,2.96,4.0
S1674,16,Female,Instagram,5.5,61.0,7.6,2.4,2.5,7.83,2.52
S1675,17,Female,TikTok,5.02,86.0,6.6,2.6,6.9,7.98,2.24
S1676,16,Female,TikTok,3.79,83.0,7.5,4.1,5.5,5.11,3.33
S1677,13,Female,TikTok,4.5,42.0,7.5,4.3,6.7,3.92,3.54
S1678,16,Male,Instagram,2.37,71.0,7.3,3.6,7.2,5.26,3.07
S1679,18,Male,Other,2.39,73.0,8.0,4.5,4.8,5.28,3.37
S1680,17,Female,Instagram,2.87,61.0,7.7,4.3,4.5,6.66,3.84
S1681,13,Female,TikTok,1.01,12.0,8.4,5.2,7.5,4.45,4.0
S1682,18,Female,TikTok,5.21,68.0,,0.0,4.8,9.41,1.7
S1683,18,Male,Instagram,5.27,119.0,,8.6,6.7,6.77,2.52
S1684,14,Male,YouTube,2.1,12.0,8.4,4.2,5.9,4.19,3.3
S1685,17,Male,Instagram,4.01,103.0,7.2,5.7,7.2,3.54,3.93
S1686,15,Female,YouTube,2.79,55.0,7.4,1.0,6.6,5.4,2.99
S1687,16,Female,YouTube,3.7,69.0,8.0,3.1,6.2,4.39,3.53
S1688,15,Female,TikTok,2.88,18.0,8.3,2.7,5.3,4.88,4.0
S1689,17,Male,Snapchat,2.18,47.0,,8.2,6.5,3.27,4.0
S1690,18,Female,Other,4.67,101.0,6.9,2.6,7.3,6.41,3.09
S1691,17,Male,Instagram,3.43,35.0,7.6,6.2,5.7,4.66,3.66
S1692,18,Male,TikTok,6.83,128.0,6.1,2.0,5.6,8.66,1.99
S1693,18,Female,Other,3.26,68.0,6.9,3.2,,2.39,4.0
S1694,13,Female,YouTube,1.7,28.0,8.9,4.0,6.5,3.61,3.56
S1695,14,Female,Instagram,5.0,111.0,6.3,7.2,8.1,6.95,3.31
S1696,17,Female,Instagram,4.4,27.0,8.3,0.0,7.4,7.35,2.59
S1697,16,Female,TikTok,4.86,97.0,6.7,0.7,5.5,7.42,2.39
S1698,13,Male,YouTube,4.67,126.0,7.3,0.0,5.7,8.1,2.12
S1699,13,Female,Instagram,2.29,88.0,7.1,,5.0,5.39,2.82
S1700,16,Female,TikTok,3.66,81.0,7.0,2.2,5.4,5.72,2.88
S1701,16,Male,Snapchat,3.1,56.0,8.0,0.3,6.4,5.56,2.31
S1702,14,Male,Other,1.07,19.0,9.5,3.0,7.8,2.67,4.0
S1703,14,Female,YouTube,2.71,50.0,8.9,0.0,7.2,3.33,3.53
S1704,13,Male,TikTok,5.47,110.0,6.6,1.4,3.4,6.66,2.95
S1705,16,Male,TikTok,4.17,58.0,8.8,7.2,7.1,2.87,4.0
S1706,13,Male,Other,0.92,52.0,8.4,5.8,6.4,3.69,3.64
S1707,16,Male,Other,0.86,85.0,8.9,5.3,5.0,3.14,3.88
S1708,15,Female,Instagram,5.69,98.0,6.1,1.4,7.2,6.52,2.53
S1709,15,Male,Snapchat,3.13,30.0,8.3,0.5,8.2,3.87,4.0
S1710,17,Female,Instagram,2.61,23.0,,1.6,6.4,5.77,2.74
S1711,16,Male,Instagram,3.06,82.0,7.0,,7.0,5.8,2.87
S1712,17,Male,TikTok,1.85,44.0,8.7,6.8,7.5,1.81,3.87
S1713,17,Female,TikTok,5.91,125.0,,6.1,7.3,5.26,2.44
S1714,18,Female,TikTok,3.45,55.0,8.1,5.9,6.9,5.36,3.52
S1715,17,Male,YouTube,5.23,114.0,7.2,2.1,3.1,5.25,3.13
S1716,16,Male,TikTok,3.91,71.0,7.2,4.3,8.8,5.46,3.62
S1717,15,Female,TikTok,5.76,82.0,6.3,3.0,6.8,8.52,2.71
S1718,14,Male,Instagram,3.64,61.0,7.4,3.8,4.9,7.2,3.72
S1719,16,Male,TikTok,5.03,61.0,6.9,9.1,3.6,6.73,3.01
S1720,13,Male,TikTok,4.61,134.0,6.5,0.0,6.2,7.33,2.43
S1721,18,Female,Instagram,4.47,80.0,7.3,3.5,5.0,8.32,2.16
S1722,18,Female,Instagram,4.09,93.0,7.2,7.2,6.1,2.55,4.0
S1723,13,Male,Snapchat,2.77,45.0,9.0,0.8,7.2,3.59,3.74
S1724,17,Female,YouTube,6.0,78.0,6.4,2.2,4.1,8.31,2.58
S1725,13,Male,TikTok,2.33,47.0,9.0,3.2,4.3,3.74,3.39
S1726,17,Female,YouTube,3.33,94.0,6.8,3.8,6.4,6.68,3.03
S1727,13,Male,YouTube,3.02,49.0,7.9,0.4,5.0,5.19,3.29
S1728,15,Female,YouTube,3.72,50.0,8.5,5.7,5.9,4.55,3.65
S1729,16,Female,Snapchat,2.74,62.0,8.7,6.1,3.8,3.92,3.56
S1730,17,Male,Snapchat,3.86,87.0,7.2,5.5,5.2,4.8,3.75
S1731,15,Male,Snapchat,3.02,103.0,7.7,2.2,7.0,4.16,4.0
S1732,18,Male,Snapchat,1.29,47.0,8.8,5.0,7.4,3.31,3.57
S1733,17,Male,TikTok,3.93,91.0,6.9,2.0,4.4,5.27,3.32
S1734,14,Male,Other,1.34,57.0,8.7,3.9,4.5,4.74,2.64
S1735,17,Male,Snapchat,0.99,5.0,10.0,10.2,6.5,2.45,4.0
S1736,17,Female,YouTube,3.51,45.0,8.2,4.5,6.6,5.73,2.65
S1737,15,Male,Instagram,4.04,50.0,7.9,1.2,6.2,4.12,3.21
S1738,17,Male,TikTok,4.66,52.0,7.9,4.5,4.6,3.69,3.11
S1739,18,Female,Instagram,4.39,101.0,6.1,0.7,6.0,6.64,2.56
S1740,17,Female,Instagram,0.81,39.0,8.9,1.8,9.0,6.0,3.68
S1741,17,Male,Instagram,1.61,45.0,7.8,2.1,6.6,5.59,2.61
S1742,16,Female,Instagram,6.2,42.0,6.8,2.6,2.3,6.9,2.54
S1743,14,Male,TikTok,2.21,102.0,9.1,6.9,6.5,3.67,3.78
S1744,17,Non-binary,Instagram,4.38,59.0,7.4,5.6,8.8,5.63,3.75
S1745,15,Male,Instagram,2.4,,7.2,5.8,4.0,3.37,3.84
S1746,16,Female,Other,3.15,28.0,8.8,1.6,5.9,6.02,2.83
S1747,14,Female,TikTok,2.79,39.0,7.6,3.1,5.6,4.72,3.2
S1748,14,Female,Instagram,4.07,22.0,7.7,4.9,5.7,5.05,3.89
S1749,13,Female,TikTok,3.79,82.0,8.1,2.7,6.0,5.04,3.58
S1750,18,Male,Instagram,2.97,,8.2,3.7,7.7,5.45,3.02
S1751,13,Male,Instagram,1.73,17.0,7.8,5.8,6.4,3.0,3.78
S1752,13,Female,Snapchat,3.47,34.0,8.3,3.4,7.8,2.48,3.78
S1753,18,Female,Other,1.5,60.0,8.1,5.3,6.2,4.02,3.54
S1754,16,Male,TikTok,4.44,100.0,8.1,8.1,4.9,2.61,3.35
S1755,15,Female,Snapchat,6.94,162.0,5.4,3.2,3.6,7.98,2.01
S1756,17,Male,TikTok,5.81,84.0,7.6,6.8,2.1,7.74,3.31
S1757,15,Female,TikTok,4.77,92.0,8.2,5.4,5.8,5.77,3.13
S1758,13,Male,Instagram,3.08,31.0,7.5,0.7,9.2,5.83,3.02
S1759,17,Female,TikTok,1.21,29.0,8.5,,7.2,4.19,3.69
S1760,14,Male,Snapchat,1.33,26.0,8.9,2.7,7.5,5.87,4.0
S1761,16,Female,Snapchat,5.14,104.0,6.3,1.8,4.6,6.35,2.72
S1762,18,Male,Snapchat,2.39,79.0,8.0,4.3,5.7,4.74,3.89
S1763,18,Female,Instagram,2.62,81.0,7.7,6.0,7.6,3.56,3.51
S1764,15,Female,Snapchat,3.03,41.0,8.0,7.5,9.1,4.64,3.53
S1765,17,Male,Instagram,2.03,73.0,8.1,5.4,8.6,3.39,3.82
S1766,16,Female,TikTok,2.12,49.0,8.3,3.5,7.5,5.72,3.07
S1767,15,Female,TikTok,3.69,64.0,7.6,0.0,5.7,5.02,3.08
S1768,13,Female,Snapchat,1.85,28.0,8.2,4.8,6.6,5.3,3.78
S1769,15,Female,Other,1.92,33.0,8.1,4.7,5.0,4.76,3.28
S1770,16,Female,TikTok,2.75,102.0,7.5,4.9,3.7,5.01,3.38
S1771,18,Male,Instagram,4.33,88.0,7.4,,3.7,5.88,3.55
S1772,13,Female,Snapchat,2.78,63.0,7.8,7.5,6.0,4.46,3.34
S1773,17,Male,YouTube,3.07,56.0,8.2,6.3,5.4,4.73,3.96
S1774,18,Male,Instagram,4.44,143.0,5.5,1.7,3.1,7.16,2.51
S1775,18,Female,Snapchat,3.3,99.0,6.9,3.1,5.7,4.67,3.2
S1776,15,Male,Snapchat,2.87,42.0,7.9,4.2,5.4,4.26,2.84
S1777,13,Male,YouTube,3.66,64.0,7.1,2.3,3.8,4.11,3.2
S1778,14,Male,TikTok,4.62,,8.3,5.3,4.8,6.14,3.35
S1779,18,Female,Other,2.99,66.0,7.9,5.3,5.4,3.23,4.0
S1780,18,Female,TikTok,4.11,60.0,7.6,1.5,4.6,5.61,3.28
S1781,16,Female,YouTube,2.15,61.0,7.9,7.6,7.6,4.22,4.0
S1782,13,Male,TikTok,2.4,90.0,,4.8,3.0,5.79,2.87
S1783,13,Non-binary,TikTok,4.68,53.0,6.6,0.0,2.2,5.28,2.87
S1784,15,Male,TikTok,4.38,53.0,7.5,4.0,5.5,5.48,3.6
S1785,16,Female,Instagram,4.08,65.0,7.0,4.9,,6.06,2.74
S1786,13,Male,Instagram,3.59,59.0,7.6,6.7,6.4,4.7,3.83
S1787,17,Female,TikTok,3.98,126.0,5.4,3.4,4.7,8.23,2.62
S1788,16,Male,Instagram,4.41,107.0,6.4,6.2,4.0,5.28,3.23
S1789,13,Female,Instagram,4.51,107.0,7.9,4.6,5.4,3.09,3.57
S1790,13,Male,YouTube,4.28,73.0,7.8,0.9,4.8,6.74,2.53
S1791,15,Male,YouTube,3.02,55.0,8.6,0.9,8.4,3.6,4.0
S1792,17,Female,Snapchat,5.36,59.0,8.1,6.7,4.7,3.53,3.91
S1793,17,Female,TikTok,4.24,99.0,,,5.4,4.87,3.56
S1794,15,Male,TikTok,4.65,97.0,6.8,4.9,9.4,6.61,2.75
S1795,14,Female,YouTube,3.47,101.0,6.8,8.0,5.4,3.65,3.63
S1796,18,Male,TikTok,4.35,76.0,8.1,6.8,6.4,7.28,3.12
S1797,15,Male,Instagram,2.33,49.0,8.3,6.2,7.1,2.72,4.0
S1798,14,Male,Other,3.86,78.0,8.9,1.9,6.8,4.66,3.74
S1799,15,Female,Other,6.94,140.0,5.9,7.9,5.2,5.84,2.63
S1800,13,Female,Instagram,2.68,21.0,9.6,5.8,6.3,3.32,3.53
S1801,14,Female,Snapchat,3.28,84.0,7.4,3.4,6.0,4.93,3.33
S1802,16,Male,Instagram,2.82,59.0,8.7,2.8,5.0,2.78,3.26
S1803,18,Female,Snapchat,2.82,33.0,9.3,5.1,6.5,6.69,3.23
S1804,17,Female,TikTok,6.08,53.0,6.4,0.0,8.2,6.4,2.42
S1805,17,Female,TikTok,2.98,58.0,7.7,6.2,7.8,3.6,3.87
S1806,16,Male,Snapchat,2.68,94.0,7.0,2.1,6.5,6.21,3.67
S1807,13,Female,TikTok,1.38,81.0,7.4,5.7,7.8,5.63,2.68
S1808,15,Male,Snapchat,2.2,60.0,8.5,3.3,4.7,5.5,4.0
S1809,18,Male,Instagram,1.21,86.0,8.0,4.1,6.0,2.42,3.89
S1810,13,Male,YouTube,3.88,73.0,7.5,2.3,7.2,5.48,3.26
S1811,18,Male,YouTube,7.32,146.0,6.1,3.1,7.0,5.41,2.31
S1812,17,Male,Instagram,3.01,51.0,7.0,9.1,4.7,5.74,3.68
S1813,14,Male,YouTube,0.75,18.0,9.8,8.3,5.8,0.27,4.0
S1814,17,Female,TikTok,5.18,76.0,6.9,4.9,8.7,4.66,3.21
S1815,18,Male,Instagram,2.58,5.0,8.9,4.4,6.2,3.81,3.12
S1816,13,Male,TikTok,5.42,128.0,7.0,6.0,8.1,6.1,3.04
S1817,13,Male,YouTube,2.61,40.0,9.1,7.3,,3.04,4.0
S1818,16,Male,YouTube,2.36,33.0,8.2,2.5,6.5,5.93,3.16
S1819,18,Male,YouTube,3.15,35.0,,4.2,5.4,6.17,3.43
S1820,13,Male,YouTube,4.06,72.0,7.4,0.0,7.1,6.38,3.25
S1821,16,Female,Other,2.72,102.0,7.8,7.3,8.2,2.45,3.75
S1822,13,Female,TikTok,2.9,113.0,6.9,9.6,4.3,6.63,3.74
S1823,16,Female,Other,2.76,17.0,8.5,4.6,5.4,3.34,3.83
S1824,16,Female,Instagram,1.66,34.0,8.2,0.0,7.8,5.94,3.19
S1825,13,Female,Instagram,3.76,47.0,7.0,5.8,5.5,7.54,2.88
S1826,17,Female,Instagram,1.02,59.0,8.8,2.5,5.7,4.03,3.77
S1827,18,Female,Instagram,2.98,69.0,7.4,2.7,7.5,5.89,2.19
S1828,18,Male,TikTok,5.06,75.0,7.0,5.6,,2.31,3.63
S1829,13,Female,TikTok,4.02,78.0,7.2,4.8,4.9,5.38,2.72
S1830,14,Male,TikTok,4.51,71.0,8.1,2.9,5.8,6.6,3.58
S1831,14,Male,Instagram,3.19,105.0,7.3,2.7,3.9,6.58,3.52
S1832,15,Female,YouTube,4.8,101.0,7.0,4.4,3.9,4.9,3.5
S1833,13,Female,Snapchat,4.39,98.0,6.8,3.1,5.7,5.69,2.92
S1834,18,Female,Instagram,4.22,12.0,8.2,1.4,5.6,2.6,3.35
S1835,17,Male,Instagram,4.82,86.0,7.9,3.2,3.8,6.39,2.79
S1836,17,Female,Instagram,4.57,136.0,7.1,4.9,4.3,3.9,4.0
S1837,14,Male,TikTok,3.06,96.0,7.9,3.9,4.2,6.23,2.93
S1838,13,Male,YouTube,1.12,0.0,9.3,1.2,7.2,4.43,2.86
S1839,18,Male,TikTok,4.59,76.0,6.5,6.6,2.3,5.94,3.4
S1840,14,Female,Snapchat,3.94,45.0,7.1,0.0,4.0,6.89,3.25
S1841,16,Female,Snapchat,4.87,131.0,6.5,2.9,2.4,6.79,3.31
S1842,18,Female,Instagram,2.29,58.0,7.6,3.0,6.8,4.7,3.77
S1843,13,Female,YouTube,1.73,25.0,8.0,5.0,3.4,3.1,4.0
S1844,13,Female,TikTok,4.24,80.0,6.3,5.6,5.6,6.67,2.87
S1845,13,Male,YouTube,2.9,0.0,,7.2,8.6,1.98,3.33
S1846,13,Male,Snapchat,0.46,0.0,9.0,3.1,9.3,0.36,4.0
S1847,13,Male,YouTube,3.53,70.0,7.6,5.8,2.9,5.22,3.58
S1848,17,Male,Snapchat,0.83,53.0,8.1,5.3,7.0,2.95,3.91
S1849,16,Female,YouTube,1.92,0.0,8.7,0.3,4.6,4.67,3.42
S1850,18,Male,Other,5.09,82.0,7.0,8.7,3.4,5.28,2.95
S1851,17,Male,Instagram,6.07,130.0,6.9,0.2,4.8,9.33,1.8
S1852,18,Male,YouTube,1.7,7.0,8.7,5.7,8.3,3.15,4.0
S1853,14,Male,Snapchat,2.72,64.0,8.4,5.4,6.9,4.15,4.0
S1854,14,Female,Instagram,3.34,68.0,7.9,5.0,4.7,5.14,3.39
S1855,18,Female,Other,5.69,143.0,5.4,2.6,6.2,8.43,2.31
S1856,14,Female,Instagram,2.59,51.0,8.1,6.6,2.4,5.29,3.15
S1857,13,Female,Instagram,2.53,51.0,7.3,0.6,4.8,5.87,3.25
S1858,17,Male,TikTok,6.09,127.0,6.3,3.6,3.7,8.19,3.02
S1859,17,Female,TikTok,3.4,34.0,7.5,2.9,5.9,3.14,3.08
S1860,18,Male,YouTube,4.41,76.0,7.5,2.4,5.2,3.85,3.57
S1861,18,Male,Instagram,1.53,30.0,7.8,5.8,6.1,3.68,3.96
S1862,13,Female,Instagram,2.96,58.0,8.0,7.1,5.6,4.02,3.9
S1863,17,Female,TikTok,1.6,64.0,8.6,3.8,6.4,4.22,4.0
S1864,18,Male,Instagram,2.12,64.0,8.7,6.5,7.0,3.32,4.0
S1865,17,Male,YouTube,4.49,64.0,7.0,4.2,5.7,6.48,2.84
S1866,17,Female,YouTube,3.25,69.0,7.7,2.1,5.4,3.83,3.72
S1867,18,Female,TikTok,3.55,107.0,7.4,3.6,6.4,5.14,3.28
S1868,15,Male,Instagram,2.31,32.0,9.3,3.8,7.4,1.85,3.97
S1869,13,Female,Instagram,2.89,64.0,6.9,2.7,5.0,5.86,3.14
S1870,15,Male,Snapchat,3.68,67.0,7.1,5.3,5.6,3.21,3.85
S1871,14,Female,Instagram,4.66,84.0,8.9,,7.3,4.91,3.58
S1872,13,Female,Instagram,0.2,0.0,9.0,1.0,5.0,1.69,3.87
S1873,13,Male,Instagram,2.04,84.0,6.7,0.5,9.1,4.32,3.08
S1874,17,Male,Snapchat,3.64,52.0,7.5,5.3,3.6,6.41,2.94
S1875,16,Male,Instagram,3.3,92.0,5.8,2.3,5.3,6.52,2.42
S1876,16,Female,Instagram,4.0,61.0,7.8,5.0,4.1,3.57,3.73
S1877,17,Non-binary,YouTube,3.69,56.0,8.3,6.2,9.2,3.15,3.98
S1878,16,Female,Snapchat,2.91,91.0,7.0,1.2,5.1,3.94,3.68
S1879,16,Female,Instagram,2.7,83.0,7.4,0.9,5.2,3.44,3.19
S1880,13,Female,YouTube,2.66,62.0,8.6,,5.4,3.74,3.74
S1881,18,Female,YouTube,5.01,109.0,5.8,4.9,5.5,7.29,3.15
S1882,15,Male,TikTok,2.74,51.0,7.2,3.4,5.5,5.53,3.13
S1883,13,Female,Snapchat,3.01,62.0,7.7,2.1,5.7,5.71,3.16
S1884,17,Male,TikTok,4.18,62.0,7.0,2.9,,6.64,2.81
S1885,17,Female,Snapchat,5.6,121.0,,0.9,5.2,6.91,2.95
S1886,13,Non-binary,TikTok,3.18,47.0,7.3,6.6,5.9,3.58,4.0
S1887,14,Female,Snapchat,4.52,120.0,6.9,2.2,7.1,5.39,3.42
S1888,13,Male,TikTok,5.32,87.0,7.0,6.7,7.3,4.18,3.4
S1889,14,Female,Instagram,3.19,65.0,8.1,3.4,5.5,3.84,3.29
S1890,13,Female,Other,2.5,74.0,7.9,1.9,7.4,4.49,4.0
S1891,17,Male,Instagram,3.06,63.0,,3.3,4.1,4.92,3.68
S1892,16,Male,YouTube,2.88,53.0,7.0,0.0,7.2,8.71,2.28
S1893,18,Male,Other,4.4,81.0,7.6,3.8,4.6,4.23,3.9
S1894,17,Female,YouTube,3.64,93.0,7.2,3.8,3.8,5.59,2.95
S1895,16,Male,TikTok,4.17,62.0,7.5,6.2,5.3,3.67,4.0
S1896,16,Male,YouTube,1.66,40.0,9.0,0.0,8.5,3.04,4.0
S1897,13,Male,TikTok,2.25,52.0,7.8,7.5,6.4,3.44,3.52
S1898,13,Female,Instagram,6.2,128.0,7.2,5.8,7.3,6.94,3.05
S1899,16,Male,YouTube,2.99,59.0,8.9,7.5,4.7,3.41,4.0
S1900,13,Male,Snapchat,2.02,93.0,8.3,4.5,7.9,3.37,4.0
S1901,13,Male,Instagram,5.2,89.0,6.5,6.5,4.2,5.96,2.74
S1902,14,Female,Instagram,3.67,66.0,6.2,0.6,6.1,4.71,3.53
S1903,18,Female,YouTube,4.21,75.0,8.1,5.9,5.9,4.13,3.6
S1904,15,Male,Snapchat,3.07,30.0,8.2,2.5,6.9,4.1,3.1
S1905,17,Male,Instagram,3.07,37.0,7.5,0.3,6.3,5.34,3.08
S1906,15,Male,YouTube,2.92,48.0,8.7,1.6,4.7,5.3,3.36
S1907,14,Female,TikTok,1.74,73.0,7.6,4.7,7.7,3.58,3.33
S1908,15,Female,TikTok,3.64,70.0,7.3,2.2,8.5,4.74,3.36
S1909,13,Male,Snapchat,3.51,57.0,8.1,5.2,4.8,2.91,4.0
S1910,17,Female,Other,5.71,131.0,5.6,0.0,2.2,8.86,2.15
S1911,14,Female,TikTok,3.8,112.0,7.0,0.0,6.5,5.14,2.84
S1912,15,Male,TikTok,0.49,58.0,9.4,8.3,6.1,2.96,4.0
S1913,18,Male,TikTok,3.87,53.0,7.9,6.5,5.4,6.26,3.22
S1914,16,Male,YouTube,7.08,107.0,6.9,1.0,5.6,7.23,2.6
S1915,15,Female,TikTok,4.97,135.0,7.3,4.0,4.6,5.0,3.59
S1916,16,Female,Instagram,2.3,58.0,8.2,7.1,5.7,3.82,3.9
S1917,17,Male,Other,3.95,69.0,6.2,5.3,5.5,6.34,2.41
S1918,14,Female,TikTok,2.64,75.0,7.2,4.8,8.4,3.98,3.33
S1919,16,Female,Instagram,1.54,67.0,,7.4,6.4,2.38,4.0
S1920,18,Female,Instagram,3.11,49.0,7.0,2.6,3.9,6.35,3.34
S1921,16,Male,YouTube,3.37,73.0,7.5,4.4,3.9,5.91,3.62
S1922,15,Male,Instagram,0.74,54.0,8.8,4.8,6.8,2.49,4.0
S1923,13,Male,Instagram,1.59,13.0,9.6,4.0,4.5,1.49,4.0
S1924,14,Male,TikTok,3.69,,7.2,3.3,3.2,6.42,3.24
S1925,18,Female,Snapchat,2.93,,7.8,4.6,6.9,3.56,3.16
S1926,16,Female,YouTube,3.79,49.0,7.8,4.3,6.8,5.12,3.47
S1927,14,Female,TikTok,1.98,34.0,8.6,2.0,5.6,4.27,3.22
S1928,15,Female,Instagram,4.36,93.0,7.1,6.1,6.0,3.33,3.58
S1929,16,Female,YouTube,1.58,34.0,9.1,2.2,6.6,3.51,4.0
S1930,16,Female,TikTok,6.14,90.0,6.2,3.2,5.9,7.65,2.58
S1931,17,Female,TikTok,1.52,43.0,8.5,4.0,7.3,4.08,3.43
S1932,14,Male,Instagram,1.75,16.0,9.0,5.5,2.1,4.11,3.98
S1933,16,Male,Instagram,4.02,87.0,7.0,0.0,5.2,4.05,3.03
S1934,15,Female,TikTok,6.09,134.0,6.8,6.0,5.8,7.8,2.32
S1935,18,Female,Instagram,4.04,75.0,7.5,2.5,4.9,6.15,3.75
S1936,13,Male,TikTok,4.39,76.0,7.9,7.2,5.5,3.63,4.0
S1937,13,Male,Instagram,3.22,74.0,7.8,,7.0,3.85,3.66
S1938,15,Male,Snapchat,1.82,0.0,9.1,4.5,6.4,3.59,3.76
S1939,16,Female,Instagram,2.75,,7.6,9.2,8.4,4.37,3.58
S1940,17,Male,TikTok,2.22,129.0,7.0,3.9,7.9,3.89,4.0
S1941,15,Female,YouTube,1.37,36.0,9.4,7.8,6.2,3.47,4.0
S1942,18,Female,TikTok,4.56,81.0,7.6,4.2,5.1,3.65,2.45
S1943,15,Female,YouTube,1.59,61.0,7.7,5.7,1.8,3.51,4.0
S1944,13,Female,Instagram,3.65,112.0,7.3,4.4,5.2,3.07,3.7
S1945,13,Female,YouTube,1.18,61.0,7.0,6.9,4.3,3.25,3.91
S1946,18,Female,TikTok,4.41,28.0,7.4,2.4,5.8,7.41,3.13
S1947,13,Male,TikTok,2.92,75.0,8.3,2.0,6.2,6.86,3.2
S1948,18,Female,Instagram,5.57,162.0,6.0,2.3,6.2,7.24,2.77
S1949,14,Female,TikTok,4.13,93.0,7.3,4.4,7.8,4.38,3.23
S1950,13,Female,TikTok,5.33,66.0,5.3,3.4,5.2,7.06,2.07
S1951,14,Female,Snapchat,2.12,57.0,8.0,6.4,9.8,3.73,3.87
S1952,16,Female,YouTube,3.32,34.0,8.4,7.6,6.2,2.33,4.0
S1953,15,Female,TikTok,2.39,84.0,8.0,2.1,4.0,4.24,3.28
S1954,17,Female,YouTube,2.74,34.0,8.7,2.6,5.1,5.95,3.05
S1955,16,Male,YouTube,2.87,62.0,7.7,0.8,5.3,4.04,3.84
S1956,15,Male,YouTube,2.14,29.0,8.5,9.6,7.1,2.21,4.0
S1957,16,Male,Snapchat,1.64,29.0,7.8,5.4,4.8,4.12,3.52
S1958,18,Male,Snapchat,1.52,78.0,8.0,5.9,5.9,3.99,3.62
S1959,15,Male,Instagram,0.2,25.0,8.2,1.6,6.5,2.72,3.87
S1960,13,Non-binary,Snapchat,1.62,29.0,7.5,4.7,5.6,4.31,3.0
S1961,15,Male,YouTube,4.04,48.0,7.1,5.5,6.9,5.86,2.94
S1962,18,Male,TikTok,1.76,0.0,9.7,4.0,7.3,4.98,3.82
S1963,14,Male,Instagram,1.36,8.0,8.8,7.4,8.3,2.44,4.0
S1964,18,Male,TikTok,6.51,114.0,6.7,9.5,4.3,6.49,3.39
S1965,16,Female,Other,2.15,75.0,7.6,2.2,8.1,5.92,3.8
S1966,16,Female,Instagram,3.89,60.0,6.5,1.7,3.5,5.94,3.4
S1967,14,Female,Snapchat,4.08,116.0,7.5,2.0,3.4,4.58,3.6
S1968,18,Female,YouTube,4.33,63.0,6.3,8.1,3.6,6.32,2.97
S1969,13,Male,Other,0.67,23.0,8.7,7.5,6.6,3.81,3.76
S1970,14,Female,TikTok,3.36,40.0,7.9,4.0,7.7,4.85,3.42
S1971,15,Male,YouTube,0.89,57.0,8.7,4.9,5.6,3.12,4.0
S1972,15,Male,YouTube,6.58,165.0,5.3,,4.1,6.69,2.72
S1973,15,Male,TikTok,1.53,0.0,7.9,6.9,6.0,3.56,4.0
S1974,13,Female,Snapchat,1.63,34.0,8.0,3.7,,5.11,3.41
S1975,14,Female,Instagram,1.82,77.0,7.6,4.0,5.5,3.0,4.0
S1976,13,Male,Snapchat,1.0,0.0,8.6,6.3,5.6,2.83,4.0
S1977,16,Male,Instagram,5.33,109.0,7.3,3.5,3.0,6.17,3.26
S1978,15,Non-binary,TikTok,7.15,151.0,5.1,,3.7,7.82,2.2
S1979,16,Male,TikTok,3.17,66.0,8.0,4.4,7.7,4.58,3.19
S1980,16,Male,TikTok,1.99,62.0,8.3,6.6,6.3,4.06,3.48
S1981,17,Female,TikTok,0.79,75.0,9.1,9.0,5.4,2.98,4.0
S1982,16,Female,Snapchat,3.0,111.0,7.3,5.9,7.9,3.29,3.78
S1983,16,Female,Instagram,3.0,60.0,,,5.0,2.42,4.0
S1984,16,Male,TikTok,2.93,48.0,7.9,,8.2,4.49,3.0
S1985,16,Male,Snapchat,3.65,48.0,8.0,2.5,8.0,4.12,3.31
S1986,16,Female,Snapchat,3.89,99.0,6.4,5.9,,7.7,2.8
S1987,14,Male,Instagram,3.73,38.0,6.3,4.7,3.3,8.3,2.24
S1988,14,Female,Other,2.44,48.0,8.3,1.0,9.7,6.04,3.33
S1989,17,Female,Instagram,1.98,50.0,8.5,3.8,6.8,2.67,3.84
S1990,15,Female,YouTube,4.09,65.0,7.8,4.0,5.1,5.96,2.9
S1991,16,Female,TikTok,3.86,81.0,7.1,3.0,7.2,6.33,2.97
S1992,14,Male,Snapchat,4.42,,7.6,7.8,6.6,5.68,3.45
S1993,15,Female,Other,4.07,74.0,7.2,5.4,7.7,4.63,3.06
S1994,16,Male,YouTube,1.25,27.0,9.1,8.2,5.4,4.21,3.89
S1995,16,Male,Instagram,1.43,65.0,8.7,5.4,6.9,3.18,4.0
S1996,16,Female,Snapchat,2.28,58.0,9.2,4.7,4.2,3.98,3.57
S1997,15,Female,Instagram,1.88,82.0,7.7,2.3,7.3,2.5,3.23
S1998,18,Male,Snapchat,4.56,88.0,6.8,4.1,5.4,6.75,2.3
S1999,16,Female,YouTube,3.73,66.0,6.7,4.3,,5.26,3.0
S2000,17,Male,Other,4.66,41.0,8.4,0.7,5.2,6.14,2.59
S2001,17,Female,Instagram,4.08,37.0,8.0,2.8,5.2,5.58,3.09
S2002,16,Male,TikTok,4.13,32.0,8.1,3.4,4.2,5.63,3.81
S2003,18,Male,Snapchat,5.18,102.0,8.7,5.0,6.5,4.88,2.99
S2004,13,Female,TikTok,4.26,46.0,7.9,5.3,7.9,5.55,3.19
S2005,18,Female,TikTok,4.1,109.0,6.3,,4.7,6.19,3.58
S2006,18,Male,Instagram,5.67,100.0,6.6,5.0,6.0,4.8,3.29
S2007,16,Female,Snapchat,3.5,63.0,7.1,3.8,6.4,5.84,2.97
S2008,17,Female,TikTok,3.49,48.0,7.5,0.0,5.8,4.7,3.15
S2009,16,Female,TikTok,2.67,73.0,7.6,3.3,3.6,3.72,3.71
S2010,14,Female,TikTok,4.66,65.0,7.1,6.8,3.3,4.84,3.92
S2011,17,Male,YouTube,5.05,66.0,6.3,0.0,4.0,7.58,2.24
S2012,14,Male,Snapchat,3.11,93.0,8.5,4.7,2.4,4.8,3.28
S2013,14,Female,TikTok,5.51,106.0,7.0,7.9,7.4,3.18,3.14
S2014,16,Male,TikTok,1.08,29.0,8.6,2.9,7.1,2.92,3.95
S2015,18,Female,Instagram,3.52,85.0,7.9,4.3,5.7,6.14,2.69
S2016,15,Female,TikTok,3.7,72.0,7.8,1.0,2.2,5.57,2.95
S2017,15,Male,Snapchat,2.24,61.0,8.4,8.6,3.2,3.78,3.59
S2018,13,Non-binary,Instagram,6.54,91.0,7.0,3.5,,8.15,2.87
S2019,13,Female,Other,2.71,110.0,7.6,4.6,9.1,4.92,3.22
S2020,13,Female,TikTok,3.03,48.0,8.5,7.8,4.8,5.19,3.74
S2021,13,Male,Snapchat,3.14,103.0,7.9,6.0,7.2,1.16,3.6
S2022,18,Male,TikTok,1.2,,8.7,2.6,5.7,5.5,3.51
S2023,18,Female,Other,2.14,70.0,7.9,3.0,6.2,5.04,2.96
S2024,17,Female,Other,4.5,101.0,8.0,5.3,7.4,7.54,2.78
S2025,13,Male,Snapchat,2.22,80.0,7.6,3.0,5.6,3.78,4.0
S2026,13,Female,Instagram,2.04,28.0,8.6,0.0,5.1,2.52,4.0
S2027,14,Female,TikTok,5.51,124.0,6.8,3.8,7.4,6.16,2.84
S2028,16,Female,YouTube,5.12,138.0,6.0,0.3,5.3,6.87,3.64
S2029,15,Female,Snapchat,3.98,69.0,7.2,8.2,7.4,5.44,3.0
S2030,15,Female,TikTok,3.12,65.0,7.6,4.8,4.8,6.15,3.58
S2031,14,Male,Instagram,2.94,48.0,7.7,2.1,8.2,4.47,2.85
S2032,17,Male,Instagram,2.39,45.0,7.3,2.8,6.5,4.48,3.29
S2033,14,Male,YouTube,1.69,86.0,7.5,0.0,7.0,5.15,2.74
S2034,13,Non-binary,Snapchat,1.64,18.0,8.8,1.9,6.5,3.4,3.89
S2035,17,Female,Snapchat,2.55,32.0,9.1,7.0,5.2,3.15,4.0
S2036,18,Female,Snapchat,2.05,89.0,8.4,10.2,6.2,4.31,3.78
S2037,13,Male,TikTok,1.41,55.0,6.9,6.5,5.7,5.61,3.7
S2038,15,Female,Instagram,3.67,124.0,7.4,4.0,7.2,6.15,2.89
S2039,17,Male,TikTok,4.25,68.0,7.1,3.1,5.2,5.71,3.16
S2040,17,Male,YouTube,5.7,103.0,6.9,1.5,2.7,4.94,3.3
S2041,18,Female,Instagram,2.66,41.0,8.3,9.6,3.3,3.89,3.38
S2042,15,Female,Instagram,3.77,76.0,7.4,3.8,2.9,5.01,3.0
S2043,15,Female,TikTok,4.2,34.0,7.9,9.4,6.5,4.27,3.7
S2044,17,Female,TikTok,3.56,87.0,7.6,7.8,3.9,4.26,3.82
S2045,13,Female,Snapchat,4.14,86.0,8.0,0.0,6.0,5.54,3.59
S2046,14,Female,TikTok,4.77,85.0,7.1,2.4,5.6,5.0,3.04
S2047,16,Male,TikTok,4.3,70.0,8.0,2.5,5.4,4.03,3.35
S2048,17,Male,YouTube,2.96,39.0,8.7,4.2,6.6,5.39,3.14
S2049,13,Male,Instagram,2.7,76.0,8.2,4.3,6.2,3.17,3.91
S2050,16,Female,Instagram,1.53,12.0,7.9,12.2,2.0,3.67,3.94
S2051,15,Female,Instagram,2.23,64.0,8.7,1.9,5.6,5.24,3.32
S2052,16,Female,YouTube,2.37,105.0,7.4,5.1,6.8,5.37,3.29
S2053,18,Female,Instagram,2.03,86.0,8.4,6.1,8.8,4.03,3.97
S2054,13,Male,Snapchat,3.72,34.0,,4.3,8.4,5.12,3.07
S2055,18,Female,Other,4.88,,,4.3,3.2,7.51,2.38
S2056,15,Female,Snapchat,1.99,58.0,9.3,2.0,5.6,5.21,3.69
S2057,17,Male,Instagram,3.92,73.0,6.9,4.5,3.1,6.5,1.89
S2058,15,Female,Snapchat,1.81,10.0,9.5,5.9,8.7,0.5,4.0
S2059,14,Female,Instagram,2.85,70.0,7.9,5.2,7.6,3.53,3.32
S2060,17,Female,Instagram,2.55,55.0,7.9,5.9,6.6,4.88,3.93
S2061,17,Male,Instagram,4.36,129.0,6.9,7.7,5.8,4.71,3.22
S2062,13,Male,Instagram,2.25,,7.5,6.9,8.3,5.5,3.21
S2063,17,Female,TikTok,5.34,124.0,6.6,4.1,7.1,6.11,2.87
S2064,17,Male,Instagram,3.18,33.0,7.4,1.4,7.7,5.09,2.98
S2065,15,Male,TikTok,2.85,34.0,7.9,2.9,6.7,5.8,3.08
S2066,18,Male,Instagram,1.85,64.0,,4.1,5.7,3.5,3.88
S2067,16,Female,Instagram,3.79,100.0,7.4,4.9,6.9,5.17,3.14
S2068,15,Female,Other,4.21,55.0,6.7,3.0,6.8,6.81,2.63
S2069,13,Male,TikTok,3.98,76.0,7.9,1.9,5.3,3.84,3.11
S2070,17,Female,Snapchat,6.55,77.0,6.6,,4.3,7.33,2.07
S2071,14,Male,Instagram,5.28,89.0,6.5,0.0,7.0,7.63,2.46
S2072,17,Male,TikTok,3.49,90.0,7.9,3.7,8.4,4.53,3.55
S2073,16,Female,TikTok,3.39,57.0,7.6,0.6,4.6,7.24,2.29
S2074,15,Male,TikTok,4.42,76.0,6.6,1.6,,4.73,3.34
S2075,13,Male,TikTok,2.43,26.0,9.5,3.5,6.6,1.58,4.0
S2076,17,Male,TikTok,5.55,82.0,6.8,0.5,5.9,7.64,2.84
S2077,13,Female,Instagram,3.71,116.0,7.1,5.2,4.9,6.39,3.14
S2078,15,Male,Instagram,3.72,74.0,7.4,6.1,8.7,4.29,3.71
S2079,18,Male,TikTok,4.96,64.0,8.0,2.6,6.0,6.08,3.82
S2080,18,Male,TikTok,6.41,102.0,6.1,2.6,5.7,8.16,2.23
S2081,18,Male,TikTok,4.24,39.0,6.9,5.5,8.3,4.26,3.0
S2082,18,Male,Instagram,3.44,43.0,7.5,2.5,5.0,4.63,2.78
S2083,16,Female,Instagram,5.55,,7.2,1.9,5.0,6.81,3.37
S2084,14,Female,Instagram,4.63,81.0,7.8,7.1,3.4,6.51,3.77
S2085,18,Female,TikTok,3.55,117.0,7.1,6.5,5.5,3.84,3.23
S2086,17,Male,TikTok,3.93,73.0,8.4,5.7,3.2,4.86,3.26
S2087,18,Male,Other,3.47,68.0,8.2,6.6,,3.92,3.6
S2088,16,Male,TikTok,4.35,97.0,6.9,0.0,6.2,6.72,3.13
S2089,13,Female,TikTok,1.7,0.0,8.9,8.0,5.8,3.04,3.67
S2090,16,Male,TikTok,1.68,49.0,8.6,5.6,6.1,2.82,3.34
S2091,15,Male,Other,1.72,43.0,8.0,7.2,7.5,4.71,4.0
S2092,18,Female,Snapchat,2.15,87.0,7.9,5.5,4.3,3.77,3.83
S2093,15,Male,Snapchat,2.36,77.0,8.1,4.7,6.4,3.76,3.87
S2094,14,Male,Other,3.77,44.0,6.8,3.6,6.8,3.74,3.33
S2095,13,Male,TikTok,3.36,98.0,7.3,5.2,2.9,4.72,3.55
S2096,18,Female,Other,3.47,62.0,7.5,3.5,6.9,5.51,2.67
S2097,17,Male,TikTok,2.21,28.0,9.1,6.7,3.5,4.08,3.6
S2098,13,Male,Snapchat,2.45,59.0,6.8,0.5,5.9,6.06,2.97
S2099,15,Male,Instagram,4.18,73.0,7.1,2.8,3.7,6.74,2.07
S2100,15,Male,Instagram,4.19,117.0,6.8,9.3,7.8,7.08,2.91
S2101,15,Non-binary,Other,1.95,56.0,8.8,3.0,4.4,3.26,3.72
S2102,18,Female,TikTok,4.23,84.0,7.3,3.6,2.9,4.36,3.23
S2103,13,Male,Other,5.88,125.0,7.4,1.6,5.2,5.44,2.81
S2104,14,Female,Instagram,3.26,93.0,7.9,5.2,5.2,3.97,3.27
S2105,14,Non-binary,Snapchat,2.21,71.0,7.7,2.7,3.7,3.86,2.92
S2106,14,Female,Other,2.64,92.0,7.8,4.0,6.9,4.46,3.55
S2107,18,Female,TikTok,4.13,93.0,7.1,6.3,2.4,7.33,2.78
S2108,18,Male,Other,2.99,66.0,8.3,2.7,4.2,6.57,2.64
S2109,13,Female,Instagram,3.16,95.0,6.8,6.3,4.9,5.79,3.19
S2110,16,Male,Snapchat,1.32,36.0,8.2,6.8,7.7,5.43,3.45
S2111,14,Female,TikTok,2.33,53.0,8.5,7.2,8.2,2.83,3.87
S2112,14,Male,Instagram,3.07,106.0,8.2,4.7,7.6,2.34,3.18
S2113,14,Male,Snapchat,2.95,102.0,6.4,12.5,5.7,5.62,3.64
S2114,14,Female,Instagram,2.49,55.0,9.0,7.1,2.2,2.08,3.8
S2115,15,Male,TikTok,3.51,58.0,7.7,5.1,6.4,3.93,3.6
S2116,18,Female,TikTok,4.09,114.0,5.8,2.0,7.9,6.71,2.36
S2117,16,Male,YouTube,4.49,103.0,5.2,3.9,7.4,6.41,2.53
S2118,17,Male,TikTok,3.78,81.0,6.6,7.8,6.4,4.92,3.74
S2119,15,Male,Snapchat,3.82,65.0,7.7,8.5,3.8,3.66,3.94
S2120,13,Female,Other,2.04,57.0,8.3,8.3,5.3,3.58,4.0
S2121,13,Female,TikTok,4.4,81.0,7.7,6.1,8.6,5.75,3.36
S2122,14,Male,TikTok,4.21,62.0,7.1,1.0,3.3,6.48,2.97
S2123,14,Male,Snapchat,4.39,85.0,,5.3,3.6,5.31,2.51
S2124,18,Male,TikTok,5.0,97.0,6.6,0.9,6.8,5.09,2.85
S2125,18,Female,Snapchat,4.32,71.0,,0.4,4.8,5.3,2.96
S2126,18,Female,Snapchat,3.36,90.0,7.6,,3.9,5.62,3.69
S2127,16,Male,Snapchat,3.68,104.0,6.8,5.6,8.1,5.33,3.03
S2128,16,Female,Instagram,4.93,113.0,7.4,6.3,6.1,4.6,3.48
S2129,16,Female,Snapchat,2.43,47.0,7.8,5.8,5.5,1.85,4.0
S2130,15,Male,Snapchat,2.38,72.0,7.5,5.9,4.3,5.14,3.81
S2131,17,Female,TikTok,4.17,80.0,7.0,1.7,8.8,4.45,3.15
S2132,17,Male,Instagram,4.1,47.0,8.3,3.9,5.5,5.73,3.56
S2133,17,Female,YouTube,2.17,67.0,7.9,0.8,8.4,3.39,3.0
S2134,16,Male,Snapchat,3.24,69.0,7.2,0.0,7.3,4.29,2.68
S2135,13,Male,Instagram,3.07,128.0,7.8,6.2,5.0,4.78,2.71
S2136,17,Male,Instagram,0.42,62.0,9.8,3.0,5.9,5.13,4.0
S2137,15,Female,TikTok,3.45,86.0,7.7,6.5,8.1,5.09,3.66
S2138,17,Male,TikTok,3.7,78.0,8.3,7.0,8.0,4.12,4.0
S2139,16,Male,TikTok,3.62,75.0,8.1,2.7,2.7,5.91,2.95
S2140,18,Female,Other,5.18,67.0,6.9,5.4,6.1,4.05,3.16
S2141,15,Female,TikTok,2.06,5.0,8.7,2.9,6.0,2.67,3.89
S2142,18,Female,YouTube,2.25,,7.5,0.0,4.5,2.5,4.0
S2143,18,Male,TikTok,0.34,24.0,8.9,5.2,7.1,4.43,4.0
S2144,14,Male,TikTok,3.01,,8.0,3.2,3.7,6.76,3.34
S2145,15,Male,Instagram,2.81,46.0,7.8,3.3,,5.24,3.44
S2146,16,Male,Instagram,2.73,52.0,7.7,9.4,4.7,4.32,4.0
S2147,17,Male,YouTube,4.87,83.0,6.8,0.2,4.5,5.06,2.89
S2148,17,Female,Other,4.32,64.0,7.8,5.1,,5.0,3.22
S2149,18,Female,YouTube,3.51,61.0,7.6,1.8,4.1,7.59,2.72
S2150,15,Male,TikTok,3.24,108.0,6.3,6.6,8.3,5.03,2.9
S2151,16,Female,YouTube,4.68,102.0,6.6,4.8,6.2,5.36,3.02
S2152,15,Male,TikTok,3.73,58.0,6.8,5.2,8.6,3.01,3.21
S2153,18,Male,YouTube,2.25,50.0,8.3,2.2,5.9,5.84,3.62
S2154,14,Female,Instagram,0.88,32.0,9.0,2.9,5.7,3.16,4.0
S2155,16,Male,Instagram,2.82,40.0,8.4,6.8,8.8,1.53,4.0
S2156,13,Female,TikTok,4.66,66.0,7.0,8.5,4.5,4.57,2.87
S2157,18,Male,TikTok,7.19,146.0,6.0,4.8,4.4,6.34,3.36
S2158,15,Male,TikTok,3.85,63.0,7.3,2.0,6.8,5.31,2.57
S2159,15,Male,YouTube,2.09,22.0,7.9,5.4,4.2,4.61,3.15
S2160,16,Female,YouTube,1.58,41.0,9.1,10.8,7.5,1.69,4.0
S2161,15,Female,Other,3.73,75.0,8.0,4.5,6.6,5.57,3.75
S2162,18,Female,TikTok,1.53,,9.6,8.3,8.4,2.17,4.0
S2163,16,Female,Snapchat,4.11,77.0,7.0,2.3,7.0,6.82,2.72
S2164,16,Female,TikTok,4.98,111.0,7.5,3.9,7.4,5.1,2.94
S2165,13,Female,Instagram,3.81,85.0,7.2,5.8,5.5,8.62,2.18
S2166,13,Non-binary,Instagram,2.89,116.0,7.8,5.4,4.6,4.11,4.0
S2167,15,Female,TikTok,4.55,115.0,6.5,2.2,8.8,4.79,3.36
S2168,18,Female,Instagram,3.84,110.0,7.0,2.2,3.2,5.11,3.59
S2169,18,Male,TikTok,2.91,131.0,5.8,6.9,3.6,5.57,3.24
S2170,16,Male,Instagram,6.03,123.0,6.3,6.8,5.9,4.66,2.25
S2171,16,Male,Snapchat,2.85,64.0,8.1,8.2,8.5,3.83,3.37
S2172,15,Male,TikTok,4.85,112.0,6.7,8.5,5.6,3.52,3.74
S2173,14,Male,Other,0.2,9.0,10.0,5.3,8.3,1.81,4.0
S2174,13,Male,Instagram,4.99,93.0,6.3,3.2,2.1,5.72,2.7
S2175,15,Male,YouTube,5.22,77.0,6.9,,4.4,5.66,2.76
S2176,14,Male,Snapchat,3.22,75.0,7.2,6.1,2.8,6.09,3.5
S2177,14,Female,Snapchat,3.96,59.0,7.2,1.8,6.9,8.09,2.76
S2178,14,Female,Snapchat,3.96,58.0,8.2,1.6,,4.52,3.55
S2179,13,Female,YouTube,2.1,60.0,9.1,5.8,4.1,3.53,3.73
S2180,16,Female,Snapchat,4.11,74.0,7.0,3.7,6.4,4.78,3.3
S2181,18,Male,TikTok,2.87,12.0,8.0,4.4,7.6,3.23,3.28
S2182,17,Female,TikTok,3.07,27.0,7.6,7.1,5.6,3.74,3.65
S2183,15,Female,Snapchat,4.84,59.0,8.2,5.9,6.3,5.91,2.38
S2184,15,Female,TikTok,5.12,70.0,8.0,7.3,6.1,4.59,2.95
S2185,14,Male,TikTok,2.69,68.0,7.7,0.0,5.6,7.61,2.64
S2186,13,Female,TikTok,2.57,61.0,7.2,5.1,4.3,5.46,4.0
S2187,16,Male,Instagram,2.54,82.0,7.1,6.2,6.9,3.32,3.05
S2188,16,Male,TikTok,4.87,107.0,6.9,0.2,6.3,6.02,2.38
S2189,13,Female,Snapchat,1.7,71.0,8.4,3.0,7.7,2.67,4.0
S2190,15,Male,YouTube,3.66,86.0,6.1,2.2,6.2,6.96,3.29
S2191,14,Female,YouTube,4.13,83.0,,4.2,3.7,4.13,3.46
S2192,14,Female,Instagram,3.16,92.0,8.6,8.4,7.0,2.12,4.0
S2193,17,Male,Instagram,4.93,112.0,6.8,9.1,5.3,4.94,3.23
S2194,16,Male,Instagram,3.01,72.0,8.6,,5.1,5.35,3.19
S2195,16,Female,Instagram,3.14,96.0,7.9,5.7,5.4,5.94,3.32
S2196,17,Male,Snapchat,2.05,0.0,8.2,6.0,5.1,5.5,3.24
S2197,18,Female,TikTok,5.42,89.0,6.8,4.9,6.6,6.71,3.08
S2198,17,Male,Other,2.05,41.0,8.3,5.6,3.9,4.07,3.17
S2199,16,Male,TikTok,4.33,109.0,6.5,4.9,3.9,7.15,3.07
